ID,acc,RT,RT_hits,RT_fails,Pair,category,condition,session,PairType,Distance,Block
Participant_2,0.5,2.11383549201537,2.28176444024803,1.94590654378271,AB,F,D,3,Premise,0,1
Participant_2,1,2.10760139989338,2.10760139989338,0,BC,F,D,3,Premise,0,1
Participant_2,1,2.67171194425055,2.67171194425055,0,CD,F,D,3,Premise,0,1
Participant_2,0,2.04240578430961,0,2.04240578430961,DE,F,D,3,Premise,0,1
Participant_2,0.5,2.28507866702262,1.49184798226543,3.07830935177981,EF,F,D,3,Premise,0,1
Participant_2,1,3.79260052752579,3.79260052752579,0,AB,S,U,3,Premise,0,1
Participant_2,1,3.50980464099518,3.50980464099518,0,BC,S,U,3,Premise,0,1
Participant_2,0.5,2.74578749127636,4.17282626544602,1.3187487171067,CD,S,U,3,Premise,0,1
Participant_2,1,2.73201409130093,2.73201409130093,0,DE,S,U,3,Premise,0,1
Participant_2,0,3.42742928691655,0,3.42742928691655,EF,S,U,3,Premise,0,1
Participant_2,1,2.48089284248124,2.48089284248124,0,AB,O,C,3,Premise,0,1
Participant_2,0.5,4.92278854838059,7.3617687507699,2.48380834599129,BC,O,C,3,Premise,0,1
Participant_2,1,2.09499774210758,2.09499774210758,0,CD,O,C,3,Premise,0,1
Participant_2,1,2.19869760663414,2.19869760663414,0,DE,O,C,3,Premise,0,1
Participant_2,0,4.16371515661581,0,4.16371515661581,EF,O,C,3,Premise,0,1
Participant_2,0,1.57041853113833,0,1.57041853113833,AB,F,D,3,Premise,0,2
Participant_2,1,1.8288789564433,1.8288789564433,0,BC,F,D,3,Premise,0,2
Participant_2,1,1.55209958331625,1.55209958331625,0,CD,F,D,3,Premise,0,2
Participant_2,0,1.18251621577247,0,1.18251621577247,DE,F,D,3,Premise,0,2
Participant_2,1,1.2504230982388,1.2504230982388,0,EF,F,D,3,Premise,0,2
Participant_2,0.5,1.94544547189935,1.30390718009767,2.58698376370103,AB,S,U,3,Premise,0,2
Participant_2,0.5,3.42463925037964,3.75814791247558,3.0911305882837,BC,S,U,3,Premise,0,2
Participant_2,0,3.05030635494063,0,3.05030635494063,CD,S,U,3,Premise,0,2
Participant_2,1,1.90660587462548,1.90660587462548,0,DE,S,U,3,Premise,0,2
Participant_2,0.5,3.07742364218552,1.81302547313089,4.34182181124015,EF,S,U,3,Premise,0,2
Participant_2,1,0.776672123239905,0.776672123239905,0,AB,O,C,3,Premise,0,2
Participant_2,1,2.12675653762471,2.12675653762471,0,BC,O,C,3,Premise,0,2
Participant_2,1,2.54016354324881,2.54016354324881,0,CD,O,C,3,Premise,0,2
Participant_2,1,2.01579985836861,2.01579985836861,0,DE,O,C,3,Premise,0,2
Participant_2,0,2.96018822611745,0,2.96018822611745,EF,O,C,3,Premise,0,2
Participant_2,1,1.6024736750278,1.6024736750278,0,AB,F,D,3,Premise,0,3
Participant_2,1,1.27398446159532,1.27398446159532,0,BC,F,D,3,Premise,0,3
Participant_2,0.5,1.86102775154995,2.18667740876072,1.53537809433919,CD,F,D,3,Premise,0,3
Participant_2,0.5,1.39900242210274,1.35142914323251,1.44657570097297,DE,F,D,3,Premise,0,3
Participant_2,0.5,0.951524847079099,0.778888193275634,1.12416150088256,EF,F,D,3,Premise,0,3
Participant_2,1,2.92395777741285,2.92395777741285,0,AB,S,U,3,Premise,0,3
Participant_2,0.5,2.46697935054794,1.32199956894783,3.61195913214806,BC,S,U,3,Premise,0,3
Participant_2,0.5,2.34100486473176,2.72986113961997,1.95214858984355,CD,S,U,3,Premise,0,3
Participant_2,1,2.48259626831987,2.48259626831987,0,DE,S,U,3,Premise,0,3
Participant_2,0.5,1.23800263762882,0.204019048400824,2.27198622685682,EF,S,U,3,Premise,0,3
Participant_2,1,0.768933453754471,0.768933453754471,0,AB,O,C,3,Premise,0,3
Participant_2,1,1.36227446734279,1.36227446734279,0,BC,O,C,3,Premise,0,3
Participant_2,1,2.1097700028738,2.1097700028738,0,CD,O,C,3,Premise,0,3
Participant_2,1,1.14969569768891,1.14969569768891,0,DE,O,C,3,Premise,0,3
Participant_2,0,1.27188847038042,0,1.27188847038042,EF,O,C,3,Premise,0,3
Participant_2,0,0.987618795927574,0,0.987618795927574,AB,F,D,3,Premise,0,4
Participant_2,1,1.30662075618875,1.30662075618875,0,BC,F,D,3,Premise,0,4
Participant_2,0.5,1.11874666447716,1.13264501826825,1.10484831068607,CD,F,D,3,Premise,0,4
Participant_2,0,0.878163101933524,0,0.878163101933524,DE,F,D,3,Premise,0,4
Participant_2,0.5,1.25682345334394,0.901594893058245,1.61205201362964,EF,F,D,3,Premise,0,4
Participant_2,1,3.15732403834318,3.15732403834318,0,AB,S,U,3,Premise,0,4
Participant_2,0.5,1.79016200377669,2.1766333798596,1.40369062769378,BC,S,U,3,Premise,0,4
Participant_2,0,2.63965757009714,0,2.63965757009714,CD,S,U,3,Premise,0,4
Participant_2,1,1.83801854550666,1.83801854550666,0,DE,S,U,3,Premise,0,4
Participant_2,0,1.79632168808234,0,1.79632168808234,EF,S,U,3,Premise,0,4
Participant_2,1,0.927996069214714,0.927996069214714,0,AB,O,C,3,Premise,0,4
Participant_2,1,1.52044495874202,1.52044495874202,0,BC,O,C,3,Premise,0,4
Participant_2,1,1.66321226240802,1.66321226240802,0,CD,O,C,3,Premise,0,4
Participant_2,1,2.71313965064246,2.71313965064246,0,DE,O,C,3,Premise,0,4
Participant_2,0.5,1.21317069666247,1.67316546245729,0.753175930867656,EF,O,C,3,Premise,0,4
Participant_3,0.5,7.91281039446039,10.3623754958317,5.46324529308913,AB,O,D,3,Premise,0,1
Participant_3,1,5.71162167155126,5.71162167155126,0,BC,O,D,3,Premise,0,1
Participant_3,1,3.66049555351492,3.66049555351492,0,CD,O,D,3,Premise,0,1
Participant_3,1,2.28415352562661,2.28415352562661,0,DE,O,D,3,Premise,0,1
Participant_3,0.5,2.3656045219177,3.4937092362743,1.23749980756111,EF,O,D,3,Premise,0,1
Participant_3,0.5,5.06461592935011,4.90376860827382,5.2254632504264,AB,F,U,3,Premise,0,1
Participant_3,0.5,6.33198826928128,4.57214442226541,8.09183211629716,BC,F,U,3,Premise,0,1
Participant_3,0.5,5.46569201480088,8.09839536518848,2.83298866441328,CD,F,U,3,Premise,0,1
Participant_3,1,3.61351162039136,3.61351162039136,0,DE,F,U,3,Premise,0,1
Participant_3,1,3.63339097771677,3.63339097771677,0,EF,F,U,3,Premise,0,1
Participant_3,1,2.45128699203997,2.45128699203997,0,AB,S,C,3,Premise,0,1
Participant_3,1,5.52298343023722,5.52298343023722,0,BC,S,C,3,Premise,0,1
Participant_3,1,3.42187886469765,3.42187886469765,0,CD,S,C,3,Premise,0,1
Participant_3,1,1.95861715065621,1.95861715065621,0,DE,S,C,3,Premise,0,1
Participant_3,1,2.60971735438216,2.60971735438216,0,EF,S,C,3,Premise,0,1
Participant_3,0.5,5.27584349807512,5.62693651763402,4.92475047851622,AB,O,D,3,Premise,0,2
Participant_3,1,4.8186952528049,4.8186952528049,0,BC,O,D,3,Premise,0,2
Participant_3,1,4.59301468135891,4.59301468135891,0,CD,O,D,3,Premise,0,2
Participant_3,1,1.14501418872896,1.14501418872896,0,DE,O,D,3,Premise,0,2
Participant_3,0,1.69295258963757,0,1.69295258963757,EF,O,D,3,Premise,0,2
Participant_3,0,2.29251127657335,0,2.29251127657335,AB,F,U,3,Premise,0,2
Participant_3,0,4.56992477151653,0,4.56992477151653,BC,F,U,3,Premise,0,2
Participant_3,0.5,1.91913887506234,2.31658567374689,1.5216920763778,CD,F,U,3,Premise,0,2
Participant_3,1,4.58176889564129,4.58176889564129,0,DE,F,U,3,Premise,0,2
Participant_3,1,5.66933695278567,5.66933695278567,0,EF,F,U,3,Premise,0,2
Participant_3,1,1.55552821581296,1.55552821581296,0,AB,S,C,3,Premise,0,2
Participant_3,0,3.69601535358743,0,3.69601535358743,BC,S,C,3,Premise,0,2
Participant_3,1,4.53534686693092,4.53534686693092,0,CD,S,C,3,Premise,0,2
Participant_3,1,2.65605958752349,2.65605958752349,0,DE,S,C,3,Premise,0,2
Participant_3,1,1.77067936553067,1.77067936553067,0,EF,S,C,3,Premise,0,2
Participant_3,0.5,2.40284929158952,2.60366033262835,2.20203825055069,AB,O,D,3,Premise,0,3
Participant_3,1,5.603821976365,5.603821976365,0,BC,O,D,3,Premise,0,3
Participant_3,1,1.94089458262897,1.94089458262897,0,CD,O,D,3,Premise,0,3
Participant_3,1,1.16242989023885,1.16242989023885,0,DE,O,D,3,Premise,0,3
Participant_3,1,1.87381910269687,1.87381910269687,0,EF,O,D,3,Premise,0,3
Participant_3,0,3.82357176212463,0,3.82357176212463,AB,F,U,3,Premise,0,3
Participant_3,0,6.32421859364695,0,6.32421859364695,BC,F,U,3,Premise,0,3
Participant_3,1,2.59568642141676,2.59568642141676,0,CD,F,U,3,Premise,0,3
Participant_3,1,2.19336413972269,2.19336413972269,0,DE,F,U,3,Premise,0,3
Participant_3,1,2.43684425241008,2.43684425241008,0,EF,F,U,3,Premise,0,3
Participant_3,1,2.34154218388358,2.34154218388358,0,AB,S,C,3,Premise,0,3
Participant_3,0.5,4.92829432502549,7.87454855213582,1.98204009791516,BC,S,C,3,Premise,0,3
Participant_3,1,1.4272033580819,1.4272033580819,0,CD,S,C,3,Premise,0,3
Participant_3,1,1.4472879772984,1.4472879772984,0,DE,S,C,3,Premise,0,3
Participant_3,1,1.48912907380509,1.48912907380509,0,EF,S,C,3,Premise,0,3
Participant_3,0,4.16952014902199,0,4.16952014902199,AB,O,D,3,Premise,0,4
Participant_3,0.5,3.90584560201023,5.8332796231407,1.97841158087977,BC,O,D,3,Premise,0,4
Participant_3,1,4.65988926121281,4.65988926121281,0,CD,O,D,3,Premise,0,4
Participant_3,1,4.76363785645299,4.76363785645299,0,DE,O,D,3,Premise,0,4
Participant_3,0.5,3.60546304516538,1.06289326895057,6.14803282138018,EF,O,D,3,Premise,0,4
Participant_3,0.5,3.6113625284197,5.05476797709707,2.16795707974234,AB,F,U,3,Premise,0,4
Participant_3,0.5,8.25676543184454,7.12982352609106,9.38370733759803,BC,F,U,3,Premise,0,4
Participant_3,1,1.90923935075261,1.90923935075261,0,CD,F,U,3,Premise,0,4
Participant_3,1,4.00348714290885,4.00348714290885,0,DE,F,U,3,Premise,0,4
Participant_3,1,1.59024441559086,1.59024441559086,0,EF,F,U,3,Premise,0,4
Participant_3,1,1.40945564546928,1.40945564546928,0,AB,S,C,3,Premise,0,4
Participant_3,0,2.84332437023477,0,2.84332437023477,BC,S,C,3,Premise,0,4
Participant_3,1,4.45819431116615,4.45819431116615,0,CD,S,C,3,Premise,0,4
Participant_3,1,1.933139788478,1.933139788478,0,DE,S,C,3,Premise,0,4
Participant_3,1,2.01497667711737,2.01497667711737,0,EF,S,C,3,Premise,0,4
Participant_5,0.5,1.7449833994433,2.77393174015742,0.716035058729176,AB,S,D,3,Premise,0,1
Participant_5,1,1.05766063025658,1.05766063025658,0,BC,S,D,3,Premise,0,1
Participant_5,0.5,0.831439193731057,0.908994575955148,0.753883811506967,CD,S,D,3,Premise,0,1
Participant_5,0.5,0.661044372489414,0.664213102892973,0.657875642085855,DE,S,D,3,Premise,0,1
Participant_5,1,0.963801296231395,0.963801296231395,0,EF,S,D,3,Premise,0,1
Participant_5,0,1.54910480159378,0,1.54910480159378,AB,F,U,3,Premise,0,1
Participant_5,1,1.18388899436832,1.18388899436832,0,BC,F,U,3,Premise,0,1
Participant_5,0,3.29156963766218,0,3.29156963766218,CD,F,U,3,Premise,0,1
Participant_5,0,0.915964499956317,0,0.915964499956317,DE,F,U,3,Premise,0,1
Participant_5,0,1.34117912691727,0,1.34117912691727,EF,F,U,3,Premise,0,1
Participant_5,0,3.51290173600137,0,3.51290173600137,AB,O,C,3,Premise,0,1
Participant_5,1,1.44757944917728,1.44757944917728,0,BC,O,C,3,Premise,0,1
Participant_5,0.5,2.32011489534489,3.17305681136349,1.46717297932628,CD,O,C,3,Premise,0,1
Participant_5,1,0.976790781689488,0.976790781689488,0,DE,O,C,3,Premise,0,1
Participant_5,0,1.35078281752794,0,1.35078281752794,EF,O,C,3,Premise,0,1
Participant_5,0,0.805062271327188,0,0.805062271327188,AB,S,D,3,Premise,0,2
Participant_5,0.5,0.617450852605543,0.658800860051997,0.57610084515909,BC,S,D,3,Premise,0,2
Participant_5,0.5,0.63385692220254,0.676361527766858,0.591352316638222,CD,S,D,3,Premise,0,2
Participant_5,0.5,0.617985303248133,0.64371821648092,0.592252390015346,DE,S,D,3,Premise,0,2
Participant_5,0.5,0.565939868531132,0.573100942667224,0.558778794395039,EF,S,D,3,Premise,0,2
Participant_5,0,1.03448656304681,0,1.03448656304681,AB,F,U,3,Premise,0,2
Participant_5,1,1.12078327936979,1.12078327936979,0,BC,F,U,3,Premise,0,2
Participant_5,0,1.28339328691072,0,1.28339328691072,CD,F,U,3,Premise,0,2
Participant_5,0,0.988303664438718,0,0.988303664438718,DE,F,U,3,Premise,0,2
Participant_5,0,1.28851200525605,0,1.28851200525605,EF,F,U,3,Premise,0,2
Participant_5,0.5,1.03029845079072,0.823904286386096,1.23669261519535,AB,O,C,3,Premise,0,2
Participant_5,1,1.0523797550195,1.0523797550195,0,BC,O,C,3,Premise,0,2
Participant_5,0,1.02413956782402,0,1.02413956782402,CD,O,C,3,Premise,0,2
Participant_5,1,0.83457559539238,0.83457559539238,0,DE,O,C,3,Premise,0,2
Participant_5,0.5,1.06039908043022,1.29493003135576,0.82586812950467,EF,O,C,3,Premise,0,2
Participant_5,0.5,0.580413654020958,0.572772523642925,0.588054784398992,AB,S,D,3,Premise,0,3
Participant_5,0.5,0.753490221835818,0.911335587792564,0.595644855879073,BC,S,D,3,Premise,0,3
Participant_5,0.5,0.529300878006325,0.476864932541503,0.581736823471147,CD,S,D,3,Premise,0,3
Participant_5,0.5,0.604844693723862,0.632809573420673,0.576879814027052,DE,S,D,3,Premise,0,3
Participant_5,0.5,0.561921610486024,0.622096955456072,0.501746265515976,EF,S,D,3,Premise,0,3
Participant_5,0,1.07079302930651,0,1.07079302930651,AB,F,U,3,Premise,0,3
Participant_5,1,1.10351690588141,1.10351690588141,0,BC,F,U,3,Premise,0,3
Participant_5,0,1.05867411083454,0,1.05867411083454,CD,F,U,3,Premise,0,3
Participant_5,0,0.981720915675396,0,0.981720915675396,DE,F,U,3,Premise,0,3
Participant_5,0,0.997923775998061,0,0.997923775998061,EF,F,U,3,Premise,0,3
Participant_5,1,0.764729593116499,0.764729593116499,0,AB,O,C,3,Premise,0,3
Participant_5,1,0.801198472850956,0.801198472850956,0,BC,O,C,3,Premise,0,3
Participant_5,0.5,0.723894793020008,0.810582789818,0.637206796222017,CD,O,C,3,Premise,0,3
Participant_5,0.5,0.672492084591795,0.557395329269639,0.787588839913951,DE,O,C,3,Premise,0,3
Participant_5,0.5,0.687608083215309,0.633104637381621,0.742111529048998,EF,O,C,3,Premise,0,3
Participant_5,0.5,1.31660619993636,2.14149523022934,0.49171716964338,AB,S,D,3,Premise,0,4
Participant_5,1,0.933330938612926,0.933330938612926,0,BC,S,D,3,Premise,0,4
Participant_5,0.5,0.780452653776592,1.07192941043468,0.488975897118507,CD,S,D,3,Premise,0,4
Participant_5,1,0.850705331165955,0.850705331165955,0,DE,S,D,3,Premise,0,4
Participant_5,0.5,0.503956422900956,0.504430064705957,0.503482781095954,EF,S,D,3,Premise,0,4
Participant_5,0,1.0708764169467,0,1.0708764169467,AB,F,U,3,Premise,0,4
Participant_5,1,0.950162156892475,0.950162156892475,0,BC,F,U,3,Premise,0,4
Participant_5,0,1.0966213893189,0,1.0966213893189,CD,F,U,3,Premise,0,4
Participant_5,0,1.13358931201219,0,1.13358931201219,DE,F,U,3,Premise,0,4
Participant_5,0,0.828897025239712,0,0.828897025239712,EF,F,U,3,Premise,0,4
Participant_5,1,1.21340231843351,1.21340231843351,0,AB,O,C,3,Premise,0,4
Participant_5,1,1.35390921266662,1.35390921266662,0,BC,O,C,3,Premise,0,4
Participant_5,0.5,0.678879577979387,0.721722352500365,0.63603680345841,CD,O,C,3,Premise,0,4
Participant_5,0.5,0.584118374532409,0.54025852734776,0.627978221717058,DE,O,C,3,Premise,0,4
Participant_5,0.5,0.557156712322467,0.479038655947079,0.635274768697855,EF,O,C,3,Premise,0,4
Participant_6,1,1.86095362332537,1.86095362332537,0,AB,S,D,3,Premise,0,1
Participant_6,0.5,1.47490419017868,0.649109743555982,2.30069863680137,BC,S,D,3,Premise,0,1
Participant_6,1,0.839434388490076,0.839434388490076,0,CD,S,D,3,Premise,0,1
Participant_6,0.5,1.4432712972864,0.915661185270437,1.97088140930236,DE,S,D,3,Premise,0,1
Participant_6,1,1.53466986409069,1.53466986409069,0,EF,S,D,3,Premise,0,1
Participant_6,0,0.797339391538344,0,0.797339391538344,AB,O,U,3,Premise,0,1
Participant_6,0.5,0.791879976517066,0.83481658089795,0.748943372136182,BC,O,U,3,Premise,0,1
Participant_6,0.5,1.58329912164925,0.754100270340814,2.41249797295768,CD,O,U,3,Premise,0,1
Participant_6,0.5,1.70509100650099,2.00306724853908,1.4071147644629,DE,O,U,3,Premise,0,1
Participant_6,1,0.94338778807105,0.94338778807105,0,EF,O,U,3,Premise,0,1
Participant_6,0.5,3.37256164774431,5.5263874719551,1.21873582353351,AB,F,C,3,Premise,0,1
Participant_6,0.5,1.61789200945054,1.82168853135386,1.41409548754723,BC,F,C,3,Premise,0,1
Participant_6,1,1.63832664837037,1.63832664837037,0,CD,F,C,3,Premise,0,1
Participant_6,0,1.40350483308453,0,1.40350483308453,DE,F,C,3,Premise,0,1
Participant_6,1,2.02105173217171,2.02105173217171,0,EF,F,C,3,Premise,0,1
Participant_6,1,1.21033257862359,1.21033257862359,0,AB,S,D,3,Premise,0,2
Participant_6,0,1.02047492317763,0,1.02047492317763,BC,S,D,3,Premise,0,2
Participant_6,1,0.924428014853333,0.924428014853333,0,CD,S,D,3,Premise,0,2
Participant_6,1,1.14358130646212,1.14358130646212,0,DE,S,D,3,Premise,0,2
Participant_6,1,0.777723010573595,0.777723010573595,0,EF,S,D,3,Premise,0,2
Participant_6,0,0.559463413682806,0,0.559463413682806,AB,O,U,3,Premise,0,2
Participant_6,0.5,1.88689052740051,0.67697669979043,3.09680435501059,BC,O,U,3,Premise,0,2
Participant_6,1,0.620391686150128,0.620391686150128,0,CD,O,U,3,Premise,0,2
Participant_6,0,0.582595301777815,0,0.582595301777815,DE,O,U,3,Premise,0,2
Participant_6,1,0.592664056999411,0.592664056999411,0,EF,O,U,3,Premise,0,2
Participant_6,0.5,1.72461681203208,1.49224079004352,1.95699283402064,AB,F,C,3,Premise,0,2
Participant_6,1,1.4143297520543,1.4143297520543,0,BC,F,C,3,Premise,0,2
Participant_6,0.5,1.94302445998562,2.87881006973021,1.00723885024104,CD,F,C,3,Premise,0,2
Participant_6,0.5,0.915290159556434,0.98690530684803,0.843675012264839,DE,F,C,3,Premise,0,2
Participant_6,1,0.901992249000955,0.901992249000955,0,EF,F,C,3,Premise,0,2
Participant_6,1,1.27337256729265,1.27337256729265,0,AB,S,D,3,Premise,0,3
Participant_6,0,0.741285257706295,0,0.741285257706295,BC,S,D,3,Premise,0,3
Participant_6,1,0.619072569140144,0.619072569140144,0,CD,S,D,3,Premise,0,3
Participant_6,1,0.788554857409054,0.788554857409054,0,DE,S,D,3,Premise,0,3
Participant_6,1,0.558871466018672,0.558871466018672,0,EF,S,D,3,Premise,0,3
Participant_6,0,0.713210978665984,0,0.713210978665984,AB,O,U,3,Premise,0,3
Participant_6,1,0.741041756044751,0.741041756044751,0,BC,O,U,3,Premise,0,3
Participant_6,1,0.541777598052477,0.541777598052477,0,CD,O,U,3,Premise,0,3
Participant_6,0.5,1.19671829551908,1.18372341495569,1.20971317608246,DE,O,U,3,Premise,0,3
Participant_6,1,0.619958822816898,0.619958822816898,0,EF,O,U,3,Premise,0,3
Participant_6,1,1.77970412367131,1.77970412367131,0,AB,F,C,3,Premise,0,3
Participant_6,0.5,1.87023285840655,2.46898009495771,1.27148562185539,BC,F,C,3,Premise,0,3
Participant_6,0.5,0.938031777864808,1.39565761357062,0.480405942158995,CD,F,C,3,Premise,0,3
Participant_6,1,0.815123993406587,0.815123993406587,0,DE,F,C,3,Premise,0,3
Participant_6,1,0.70226084493288,0.70226084493288,0,EF,F,C,3,Premise,0,3
Participant_6,1,0.877131216861699,0.877131216861699,0,AB,S,D,3,Premise,0,4
Participant_6,0,1.81018801715231,0,1.81018801715231,BC,S,D,3,Premise,0,4
Participant_6,1,0.644852954760609,0.644852954760609,0,CD,S,D,3,Premise,0,4
Participant_6,1,0.764944176795098,0.764944176795098,0,DE,S,D,3,Premise,0,4
Participant_6,1,0.565596114647406,0.565596114647406,0,EF,S,D,3,Premise,0,4
Participant_6,0,0.668635549087639,0,0.668635549087639,AB,O,U,3,Premise,0,4
Participant_6,1,0.643113547210987,0.643113547210987,0,BC,O,U,3,Premise,0,4
Participant_6,0.5,1.12042709524349,1.07213037525435,1.16872381523262,CD,O,U,3,Premise,0,4
Participant_6,0,0.57334018593383,0,0.57334018593383,DE,O,U,3,Premise,0,4
Participant_6,1,0.587606714795356,0.587606714795356,0,EF,O,U,3,Premise,0,4
Participant_6,1,1.01322991483335,1.01322991483335,0,AB,F,C,3,Premise,0,4
Participant_6,1,1.36878031582864,1.36878031582864,0,BC,F,C,3,Premise,0,4
Participant_6,0.5,1.2172096403051,1.49758910262062,0.936830177989577,CD,F,C,3,Premise,0,4
Participant_6,1,1.57353467935764,1.57353467935764,0,DE,F,C,3,Premise,0,4
Participant_6,1,0.694875996329756,0.694875996329756,0,EF,F,C,3,Premise,0,4
Participant_8,0,1.2871046122583,0,1.2871046122583,AB,F,D,3,Premise,0,1
Participant_8,1,2.70695122952509,2.70695122952509,0,BC,F,D,3,Premise,0,1
Participant_8,1,3.20178065602033,3.20178065602033,0,CD,F,D,3,Premise,0,1
Participant_8,0,1.89493128823028,0,1.89493128823028,DE,F,D,3,Premise,0,1
Participant_8,1,1.33450598341483,1.33450598341483,0,EF,F,D,3,Premise,0,1
Participant_8,0.5,2.83305759678149,2.47051089946217,3.1956042941008,AB,S,U,3,Premise,0,1
Participant_8,0,1.27343846217013,0,1.27343846217013,BC,S,U,3,Premise,0,1
Participant_8,1,23.5947106305679,23.5947106305679,0,CD,S,U,3,Premise,0,1
Participant_8,0,2.00232845149628,0,2.00232845149628,DE,S,U,3,Premise,0,1
Participant_8,1,1.19308854016992,1.19308854016992,0,EF,S,U,3,Premise,0,1
Participant_8,0.5,1.91638357485931,1.81103698838206,2.02173016133656,AB,O,C,3,Premise,0,1
Participant_8,1,1.61824915842203,1.61824915842203,0,BC,O,C,3,Premise,0,1
Participant_8,1,4.64909940884274,4.64909940884274,0,CD,O,C,3,Premise,0,1
Participant_8,0,4.01404819573872,0,4.01404819573872,DE,O,C,3,Premise,0,1
Participant_8,0.5,1.74239295537586,1.54914148774583,1.9356444230059,EF,O,C,3,Premise,0,1
Participant_8,0,1.34126503551056,0,1.34126503551056,AB,F,D,3,Premise,0,2
Participant_8,1,1.15450654788788,1.15450654788788,0,BC,F,D,3,Premise,0,2
Participant_8,1,1.67953271891304,1.67953271891304,0,CD,F,D,3,Premise,0,2
Participant_8,0,2.61369796584415,0,2.61369796584415,DE,F,D,3,Premise,0,2
Participant_8,1,0.962229309495569,0.962229309495569,0,EF,F,D,3,Premise,0,2
Participant_8,1,1.52888408801687,1.52888408801687,0,AB,S,U,3,Premise,0,2
Participant_8,0,1.25185326778592,0,1.25185326778592,BC,S,U,3,Premise,0,2
Participant_8,1,1.55801936655848,1.55801936655848,0,CD,S,U,3,Premise,0,2
Participant_8,1,2.24434859805422,2.24434859805422,0,DE,S,U,3,Premise,0,2
Participant_8,1,1.74131404203763,1.74131404203763,0,EF,S,U,3,Premise,0,2
Participant_8,0.5,1.74482609097265,1.95751672892993,1.53213545301537,AB,O,C,3,Premise,0,2
Participant_8,1,1.16335825567569,1.16335825567569,0,BC,O,C,3,Premise,0,2
Participant_8,1,1.15405419967976,1.15405419967976,0,CD,O,C,3,Premise,0,2
Participant_8,0,1.77243190401896,0,1.77243190401896,DE,O,C,3,Premise,0,2
Participant_8,1,1.32206704913983,1.32206704913983,0,EF,O,C,3,Premise,0,2
Participant_8,0,1.21813754669733,0,1.21813754669733,AB,F,D,3,Premise,0,3
Participant_8,1,1.05214576747812,1.05214576747812,0,BC,F,D,3,Premise,0,3
Participant_8,1,1.44899857342284,1.44899857342284,0,CD,F,D,3,Premise,0,3
Participant_8,0.5,1.59246941582182,0.872169424032109,2.31276940761154,DE,F,D,3,Premise,0,3
Participant_8,1,0.787021993924327,0.787021993924327,0,EF,F,D,3,Premise,0,3
Participant_8,1,1.12588237407113,1.12588237407113,0,AB,S,U,3,Premise,0,3
Participant_8,0,1.19716916745369,0,1.19716916745369,BC,S,U,3,Premise,0,3
Participant_8,1,0.992982829755192,0.992982829755192,0,CD,S,U,3,Premise,0,3
Participant_8,0,2.04961307935469,0,2.04961307935469,DE,S,U,3,Premise,0,3
Participant_8,1,1.25554517837372,1.25554517837372,0,EF,S,U,3,Premise,0,3
Participant_8,0.5,1.26988356459628,1.49113110144071,1.04863602775185,AB,O,C,3,Premise,0,3
Participant_8,1,0.953243667638162,0.953243667638162,0,BC,O,C,3,Premise,0,3
Participant_8,0.5,1.05489680405594,1.26710404778487,0.842689560327017,CD,O,C,3,Premise,0,3
Participant_8,0,1.82492276981816,0,1.82492276981816,DE,O,C,3,Premise,0,3
Participant_8,1,1.08902253787096,1.08902253787096,0,EF,O,C,3,Premise,0,3
Participant_8,0,1.16737140276678,0,1.16737140276678,AB,F,D,3,Premise,0,4
Participant_8,1,0.67579642021451,0.67579642021451,0,BC,F,D,3,Premise,0,4
Participant_8,1,3.05778049181004,3.05778049181004,0,CD,F,D,3,Premise,0,4
Participant_8,0,1.05380326573345,0,1.05380326573345,DE,F,D,3,Premise,0,4
Participant_8,1,2.27082495176342,2.27082495176342,0,EF,F,D,3,Premise,0,4
Participant_8,1,0.927898056159847,0.927898056159847,0,AB,S,U,3,Premise,0,4
Participant_8,0,1.03123075659914,0,1.03123075659914,BC,S,U,3,Premise,0,4
Participant_8,1,1.44327455971097,1.44327455971097,0,CD,S,U,3,Premise,0,4
Participant_8,1,1.5086515764192,1.5086515764192,0,DE,S,U,3,Premise,0,4
Participant_8,1,0.869232881070729,0.869232881070729,0,EF,S,U,3,Premise,0,4
Participant_8,0,1.61541473377383,0,1.61541473377383,AB,O,C,3,Premise,0,4
Participant_8,1,0.974279270495572,0.974279270495572,0,BC,O,C,3,Premise,0,4
Participant_8,1,1.34082859518048,1.34082859518048,0,CD,O,C,3,Premise,0,4
Participant_8,0.5,1.29671168767186,0.654065745720345,1.93935762962337,DE,O,C,3,Premise,0,4
Participant_8,1,1.26449259000788,1.26449259000788,0,EF,O,C,3,Premise,0,4
Participant_10,1,1.21649091207655,1.21649091207655,0,AB,O,D,3,Premise,0,1
Participant_10,0,0.887719500805474,0,0.887719500805474,BC,O,D,3,Premise,0,1
Participant_10,0,1.41122032698047,0,1.41122032698047,CD,O,D,3,Premise,0,1
Participant_10,0.5,1.05833974773441,1.22127477241702,0.895404723051797,DE,O,D,3,Premise,0,1
Participant_10,0.5,0.921039235608646,0.950076972813122,0.89200149840417,EF,O,D,3,Premise,0,1
Participant_10,0,0.862855999260887,0,0.862855999260887,AB,S,U,3,Premise,0,1
Participant_10,0.5,5.73333025442082,1.124037583259,10.3426229255826,BC,S,U,3,Premise,0,1
Participant_10,1,1.38408894978306,1.38408894978306,0,CD,S,U,3,Premise,0,1
Participant_10,0,1.69383216847814,0,1.69383216847814,DE,S,U,3,Premise,0,1
Participant_10,0.5,0.856689194043383,0.849953303159964,0.863425084926803,EF,S,U,3,Premise,0,1
Participant_10,1,1.78653334975411,1.78653334975411,0,AB,F,C,3,Premise,0,1
Participant_10,0.5,1.73472885043657,1.80699477611165,1.66246292476148,BC,F,C,3,Premise,0,1
Participant_10,0,1.28193140182884,0,1.28193140182884,CD,F,C,3,Premise,0,1
Participant_10,0.5,2.22461051756522,3.21004084690617,1.23918018822428,DE,F,C,3,Premise,0,1
Participant_10,0,2.75779734597734,0,2.75779734597734,EF,F,C,3,Premise,0,1
Participant_10,1,0.603898416412676,0.603898416412676,0,AB,O,D,3,Premise,0,2
Participant_10,0,0.545140449726432,0,0.545140449726432,BC,O,D,3,Premise,0,2
Participant_10,0.5,0.690818682841268,0.778363968513077,0.60327339716946,CD,O,D,3,Premise,0,2
Participant_10,0,0.688470755462504,0,0.688470755462504,DE,O,D,3,Premise,0,2
Participant_10,1,0.861120518899384,0.861120518899384,0,EF,O,D,3,Premise,0,2
Participant_10,0,0.751707256996838,0,0.751707256996838,AB,S,U,3,Premise,0,2
Participant_10,1,1.0024741627924,1.0024741627924,0,BC,S,U,3,Premise,0,2
Participant_10,0.5,1.24905015548507,0.76460430842485,1.73349600254528,CD,S,U,3,Premise,0,2
Participant_10,0,0.977441321058791,0,0.977441321058791,DE,S,U,3,Premise,0,2
Participant_10,1,0.542513624188018,0.542513624188018,0,EF,S,U,3,Premise,0,2
Participant_10,0.5,0.725195767521541,0.806633517041746,0.643758018001336,AB,F,C,3,Premise,0,2
Participant_10,0.5,0.863358375155258,1.11379917279874,0.61291757751178,BC,F,C,3,Premise,0,2
Participant_10,0,0.925203464802848,0,0.925203464802848,CD,F,C,3,Premise,0,2
Participant_10,0.5,0.645333394911631,0.640417911060467,0.650248878762795,DE,F,C,3,Premise,0,2
Participant_10,0.5,0.84234608003112,1.07235752332258,0.612334636739661,EF,F,C,3,Premise,0,2
Participant_10,1,0.728740622145551,0.728740622145551,0,AB,O,D,3,Premise,0,3
Participant_10,0,0.779418239477764,0,0.779418239477764,BC,O,D,3,Premise,0,3
Participant_10,0.5,0.662772355470906,0.608268419594424,0.717276291347389,CD,O,D,3,Premise,0,3
Participant_10,0.5,0.538407124603509,0.578499440664018,0.498314808543,DE,O,D,3,Premise,0,3
Participant_10,1,0.694936728347557,0.694936728347557,0,EF,O,D,3,Premise,0,3
Participant_10,0,1.57484682410177,0,1.57484682410177,AB,S,U,3,Premise,0,3
Participant_10,1,1.0706441085008,1.0706441085008,0,BC,S,U,3,Premise,0,3
Participant_10,1,1.28077629647873,1.28077629647873,0,CD,S,U,3,Premise,0,3
Participant_10,0,1.0733042889251,0,1.0733042889251,DE,S,U,3,Premise,0,3
Participant_10,1,0.935745661299052,0.935745661299052,0,EF,S,U,3,Premise,0,3
Participant_10,0.5,0.717518242556707,0.692049734700504,0.742986750412911,AB,F,C,3,Premise,0,3
Participant_10,0,1.90718361607992,0,1.90718361607992,BC,F,C,3,Premise,0,3
Participant_10,0.5,0.73208072908642,0.619934932315118,0.844226525857721,CD,F,C,3,Premise,0,3
Participant_10,0.5,0.599211541816885,0.647000112893693,0.551422970740077,DE,F,C,3,Premise,0,3
Participant_10,1,0.68063107443777,0.68063107443777,0,EF,F,C,3,Premise,0,3
Participant_10,1,0.763866139146103,0.763866139146103,0,AB,O,D,3,Premise,0,4
Participant_10,0,0.599477867750466,0,0.599477867750466,BC,O,D,3,Premise,0,4
Participant_10,0.5,0.635108582981729,0.638326816301742,0.631890349661717,CD,O,D,3,Premise,0,4
Participant_10,1,0.801622586902113,0.801622586902113,0,DE,O,D,3,Premise,0,4
Participant_10,0.5,0.818500159077075,0.830477641963626,0.806522676190525,EF,O,D,3,Premise,0,4
Participant_10,0.5,0.927604503422572,0.689960692549903,1.16524831429524,AB,S,U,3,Premise,0,4
Participant_10,1,0.840170058602098,0.840170058602098,0,BC,S,U,3,Premise,0,4
Participant_10,0.5,1.90844314788023,0.910094214723358,2.90679208103711,CD,S,U,3,Premise,0,4
Participant_10,0.5,1.01754569619357,1.12359062779069,0.91150076459644,DE,S,U,3,Premise,0,4
Participant_10,1,0.818652052095103,0.818652052095103,0,EF,S,U,3,Premise,0,4
Participant_10,0.5,1.84005870459873,2.31825384607464,1.36186356312282,AB,F,C,3,Premise,0,4
Participant_10,0.5,1.8236832517423,1.12879809517972,2.51856840830487,BC,F,C,3,Premise,0,4
Participant_10,0,0.942546722497809,0,0.942546722497809,CD,F,C,3,Premise,0,4
Participant_10,0.5,0.926181019530759,1.02567915678856,0.826682882272962,DE,F,C,3,Premise,0,4
Participant_10,1,0.912163243941905,0.912163243941905,0,EF,F,C,3,Premise,0,4
Participant_11,1,0.962833486424643,0.962833486424643,0,AB,S,D,3,Premise,0,1
Participant_11,1,0.991692281639644,0.991692281639644,0,BC,S,D,3,Premise,0,1
Participant_11,0,1.33504102671986,0,1.33504102671986,CD,S,D,3,Premise,0,1
Participant_11,1,0.793160417297486,0.793160417297486,0,DE,S,D,3,Premise,0,1
Participant_11,1,1.14368691404161,1.14368691404161,0,EF,S,D,3,Premise,0,1
Participant_11,1,1.80601058125035,1.80601058125035,0,AB,F,U,3,Premise,0,1
Participant_11,1,2.37357458447309,2.37357458447309,0,BC,F,U,3,Premise,0,1
Participant_11,1,3.69295951722393,3.69295951722393,0,CD,F,U,3,Premise,0,1
Participant_11,1,1.33519163763071,1.33519163763071,0,DE,F,U,3,Premise,0,1
Participant_11,1,2.68773201007821,2.68773201007821,0,EF,F,U,3,Premise,0,1
Participant_11,1,1.0140324724307,1.0140324724307,0,AB,O,C,3,Premise,0,1
Participant_11,0,0.891004141158419,0,0.891004141158419,BC,O,C,3,Premise,0,1
Participant_11,1,0.800069789042027,0.800069789042027,0,CD,O,C,3,Premise,0,1
Participant_11,1,0.777519204815462,0.777519204815462,0,DE,O,C,3,Premise,0,1
Participant_11,1,0.78255633155959,0.78255633155959,0,EF,O,C,3,Premise,0,1
Participant_11,0.5,1.23840603880467,0.818666002986447,1.65814607462289,AB,S,D,3,Premise,0,2
Participant_11,1,1.33398905954141,1.33398905954141,0,BC,S,D,3,Premise,0,2
Participant_11,0,1.3788233875398,0,1.3788233875398,CD,S,D,3,Premise,0,2
Participant_11,1,0.805277539730923,0.805277539730923,0,DE,S,D,3,Premise,0,2
Participant_11,1,2.57733626515733,2.57733626515733,0,EF,S,D,3,Premise,0,2
Participant_11,1,1.68866389905224,1.68866389905224,0,AB,F,U,3,Premise,0,2
Participant_11,1,4.7129435581121,4.7129435581121,0,BC,F,U,3,Premise,0,2
Participant_11,1,1.59275759084107,1.59275759084107,0,CD,F,U,3,Premise,0,2
Participant_11,1,1.34410513513922,1.34410513513922,0,DE,F,U,3,Premise,0,2
Participant_11,0,1.75338784747009,0,1.75338784747009,EF,F,U,3,Premise,0,2
Participant_11,0.5,0.80766191314342,0.538459920050627,1.07686390623621,AB,O,C,3,Premise,0,2
Participant_11,0.5,0.96385799982545,1.1786886844252,0.749027315225703,BC,O,C,3,Premise,0,2
Participant_11,0.5,0.748810250778661,0.745704638405641,0.75191586315168,CD,O,C,3,Premise,0,2
Participant_11,0.5,0.692924879280326,0.547412417317901,0.838437341242752,DE,O,C,3,Premise,0,2
Participant_11,1,0.59508320803775,0.59508320803775,0,EF,O,C,3,Premise,0,2
Participant_11,0.5,1.66512754460587,0.803397597409457,2.52685749180228,AB,S,D,3,Premise,0,3
Participant_11,1,1.16686944830758,1.16686944830758,0,BC,S,D,3,Premise,0,3
Participant_11,0.5,1.19016102795149,1.38685451550509,0.993467540397887,CD,S,D,3,Premise,0,3
Participant_11,1,0.856707958516381,0.856707958516381,0,DE,S,D,3,Premise,0,3
Participant_11,1,0.903386821160439,0.903386821160439,0,EF,S,D,3,Premise,0,3
Participant_11,1,0.994032267168905,0.994032267168905,0,AB,F,U,3,Premise,0,3
Participant_11,1,1.43918218532076,1.43918218532076,0,BC,F,U,3,Premise,0,3
Participant_11,1,1.33227486619512,1.33227486619512,0,CD,F,U,3,Premise,0,3
Participant_11,1,1.18118749134055,1.18118749134055,0,DE,F,U,3,Premise,0,3
Participant_11,0,1.1174708656406,0,1.1174708656406,EF,F,U,3,Premise,0,3
Participant_11,0.5,0.691811076957947,0.64665654041346,0.736965613502434,AB,O,C,3,Premise,0,3
Participant_11,0.5,0.836807048693117,0.815112919696276,0.858501177689959,BC,O,C,3,Premise,0,3
Participant_11,0.5,0.79332206103436,0.656931437397361,0.929712684671358,CD,O,C,3,Premise,0,3
Participant_11,1,0.911464646205559,0.911464646205559,0,DE,O,C,3,Premise,0,3
Participant_11,0.5,0.76509239350753,0.633323754444973,0.896861032570087,EF,O,C,3,Premise,0,3
Participant_11,0,1.32198303510495,0,1.32198303510495,AB,S,D,3,Premise,0,4
Participant_11,1,1.05169520662162,1.05169520662162,0,BC,S,D,3,Premise,0,4
Participant_11,1,1.30108994062812,1.30108994062812,0,CD,S,D,3,Premise,0,4
Participant_11,1,0.824071318243114,0.824071318243114,0,DE,S,D,3,Premise,0,4
Participant_11,1,1.18685682470141,1.18685682470141,0,EF,S,D,3,Premise,0,4
Participant_11,1,0.992688058376189,0.992688058376189,0,AB,F,U,3,Premise,0,4
Participant_11,1,1.73608016503044,1.73608016503044,0,BC,F,U,3,Premise,0,4
Participant_11,1,1.81246093609684,1.81246093609684,0,CD,F,U,3,Premise,0,4
Participant_11,1,1.16793013911615,1.16793013911615,0,DE,F,U,3,Premise,0,4
Participant_11,0.5,0.998534686693574,0.68347590482017,1.31359346856698,EF,F,U,3,Premise,0,4
Participant_11,1,0.728106766971223,0.728106766971223,0,AB,O,C,3,Premise,0,4
Participant_11,0,0.847010873748559,0,0.847010873748559,BC,O,C,3,Premise,0,4
Participant_11,1,1.34203635188032,1.34203635188032,0,CD,O,C,3,Premise,0,4
Participant_11,1,2.06467519871921,2.06467519871921,0,DE,O,C,3,Premise,0,4
Participant_11,1,0.636377538191482,0.636377538191482,0,EF,O,C,3,Premise,0,4
Participant_12,1,1.34527020439168,1.34527020439168,0,AB,S,D,3,Premise,0,1
Participant_12,0.5,1.54783189905129,1.19372713230814,1.90193666579444,BC,S,D,3,Premise,0,1
Participant_12,1,2.11896536683253,2.11896536683253,0,CD,S,D,3,Premise,0,1
Participant_12,0.5,2.14363938195015,2.94013065053286,1.34714811336744,DE,S,D,3,Premise,0,1
Participant_12,1,1.56462069779514,1.56462069779514,0,EF,S,D,3,Premise,0,1
Participant_12,1,1.69482991312202,1.69482991312202,0,AB,O,U,3,Premise,0,1
Participant_12,1,1.21311380349061,1.21311380349061,0,BC,O,U,3,Premise,0,1
Participant_12,0.5,1.86279821009794,2.6323070133576,1.09328940683827,CD,O,U,3,Premise,0,1
Participant_12,1,1.1154076286366,1.1154076286366,0,DE,O,U,3,Premise,0,1
Participant_12,0.5,1.31514027228263,1.73981505714028,0.89046548742499,EF,O,U,3,Premise,0,1
Participant_12,1,1.19151566934011,1.19151566934011,0,AB,F,C,3,Premise,0,1
Participant_12,1,4.58017842572781,4.58017842572781,0,BC,F,C,3,Premise,0,1
Participant_12,1,1.84444427339145,1.84444427339145,0,CD,F,C,3,Premise,0,1
Participant_12,1,1.65250755628063,1.65250755628063,0,DE,F,C,3,Premise,0,1
Participant_12,1,2.53365149252568,2.53365149252568,0,EF,F,C,3,Premise,0,1
Participant_12,1,1.7543808468165,1.7543808468165,0,AB,S,D,3,Premise,0,2
Participant_12,0.5,1.00435826777721,0.916871160921801,1.09184537463261,BC,S,D,3,Premise,0,2
Participant_12,1,1.54210400726652,1.54210400726652,0,CD,S,D,3,Premise,0,2
Participant_12,0,1.8853687824253,0,1.8853687824253,DE,S,D,3,Premise,0,2
Participant_12,1,1.13823221515781,1.13823221515781,0,EF,S,D,3,Premise,0,2
Participant_12,1,0.929934674733431,0.929934674733431,0,AB,O,U,3,Premise,0,2
Participant_12,1,1.0635638448,1.0635638448,0,BC,O,U,3,Premise,0,2
Participant_12,0,1.40259505005884,0,1.40259505005884,CD,O,U,3,Premise,0,2
Participant_12,1,1.04013732161275,1.04013732161275,0,DE,O,U,3,Premise,0,2
Participant_12,0.5,1.99192414469053,1.06041022009413,2.92343806928693,EF,O,U,3,Premise,0,2
Participant_12,1,2.07138363327522,2.07138363327522,0,AB,F,C,3,Premise,0,2
Participant_12,1,1.92579732233116,1.92579732233116,0,BC,F,C,3,Premise,0,2
Participant_12,1,1.6986275536126,1.6986275536126,0,CD,F,C,3,Premise,0,2
Participant_12,1,1.48860092060909,1.48860092060909,0,DE,F,C,3,Premise,0,2
Participant_12,1,0.974153414309967,0.974153414309967,0,EF,F,C,3,Premise,0,2
Participant_12,1,2.70777642645635,2.70777642645635,0,AB,S,D,3,Premise,0,3
Participant_12,0,1.30246137188192,0,1.30246137188192,BC,S,D,3,Premise,0,3
Participant_12,0,2.06771607884207,0,2.06771607884207,CD,S,D,3,Premise,0,3
Participant_12,1,1.2364097274608,1.2364097274608,0,DE,S,D,3,Premise,0,3
Participant_12,1,1.07676873418836,1.07676873418836,0,EF,S,D,3,Premise,0,3
Participant_12,1,1.31812814631235,1.31812814631235,0,AB,O,U,3,Premise,0,3
Participant_12,1,1.1257719209118,1.1257719209118,0,BC,O,U,3,Premise,0,3
Participant_12,0,1.60529658081464,0,1.60529658081464,CD,O,U,3,Premise,0,3
Participant_12,1,1.59894596938489,1.59894596938489,0,DE,O,U,3,Premise,0,3
Participant_12,1,1.62076322284997,1.62076322284997,0,EF,O,U,3,Premise,0,3
Participant_12,1,0.932097900662484,0.932097900662484,0,AB,F,C,3,Premise,0,3
Participant_12,1,1.58354937368836,1.58354937368836,0,BC,F,C,3,Premise,0,3
Participant_12,1,1.55032046841234,1.55032046841234,0,CD,F,C,3,Premise,0,3
Participant_12,1,1.15260505667879,1.15260505667879,0,DE,F,C,3,Premise,0,3
Participant_12,1,0.915944137403585,0.915944137403585,0,EF,F,C,3,Premise,0,3
Participant_12,1,1.51209620723444,1.51209620723444,0,AB,S,D,3,Premise,0,4
Participant_12,0,2.88306495065967,0,2.88306495065967,BC,S,D,3,Premise,0,4
Participant_12,0.5,1.79013142027293,2.55378378517071,1.02647905537515,CD,S,D,3,Premise,0,4
Participant_12,1,2.1528105772536,2.1528105772536,0,DE,S,D,3,Premise,0,4
Participant_12,1,1.03871125000637,1.03871125000637,0,EF,S,D,3,Premise,0,4
Participant_12,1,0.976521904234005,0.976521904234005,0,AB,O,U,3,Premise,0,4
Participant_12,1,0.91333933730516,0.91333933730516,0,BC,O,U,3,Premise,0,4
Participant_12,0,1.20625388077224,0,1.20625388077224,CD,O,U,3,Premise,0,4
Participant_12,1,1.78053147979949,1.78053147979949,0,DE,O,U,3,Premise,0,4
Participant_12,1,1.30077538474166,1.30077538474166,0,EF,O,U,3,Premise,0,4
Participant_12,1,0.834626753082603,0.834626753082603,0,AB,F,C,3,Premise,0,4
Participant_12,1,1.27360638576306,1.27360638576306,0,BC,F,C,3,Premise,0,4
Participant_12,1,1.39062892888114,1.39062892888114,0,CD,F,C,3,Premise,0,4
Participant_12,1,1.51639443529325,1.51639443529325,0,DE,F,C,3,Premise,0,4
Participant_12,1,0.697889886129815,0.697889886129815,0,EF,F,C,3,Premise,0,4
Participant_14,0.5,2.79074268882778,2.78510517105951,2.79638020659604,AB,F,D,3,Premise,0,1
Participant_14,0,12.824703011705,0,12.824703011705,BC,F,D,3,Premise,0,1
Participant_14,1,7.03202393353604,7.03202393353604,0,CD,F,D,3,Premise,0,1
Participant_14,0.5,3.96183745311055,2.36481246760741,5.55886243861369,DE,F,D,3,Premise,0,1
Participant_14,0,4.35339349217156,0,4.35339349217156,EF,F,D,3,Premise,0,1
Participant_14,1,8.75741508572264,8.75741508572264,0,AB,S,U,3,Premise,0,1
Participant_14,0.5,9.93972407670617,15.8906374921098,3.98881066130252,BC,S,U,3,Premise,0,1
Participant_14,1,5.04565742817113,5.04565742817113,0,CD,S,U,3,Premise,0,1
Participant_14,1,5.06101589240143,5.06101589240143,0,DE,S,U,3,Premise,0,1
Participant_14,1,1.88908365961424,1.88908365961424,0,EF,S,U,3,Premise,0,1
Participant_14,1,2.97611059510564,2.97611059510564,0,AB,O,C,3,Premise,0,1
Participant_14,0,4.47008000082087,0,4.47008000082087,BC,O,C,3,Premise,0,1
Participant_14,0.5,3.07771702596028,4.59396940571514,1.56146464620542,CD,O,C,3,Premise,0,1
Participant_14,0.5,3.18578997603572,1.35892504348976,5.01265490858168,DE,O,C,3,Premise,0,1
Participant_14,1,2.86289275579475,2.86289275579475,0,EF,O,C,3,Premise,0,1
Participant_14,0,2.37074530591735,0,2.37074530591735,AB,F,D,3,Premise,0,2
Participant_14,0,7.63729711145243,0,7.63729711145243,BC,F,D,3,Premise,0,2
Participant_14,1,3.6830386969973,3.6830386969973,0,CD,F,D,3,Premise,0,2
Participant_14,0,3.23237082612786,0,3.23237082612786,DE,F,D,3,Premise,0,2
Participant_14,0,4.3256230981201,0,4.3256230981201,EF,F,D,3,Premise,0,2
Participant_14,0.5,3.87055543867018,4.87317021855233,2.86794065878803,AB,S,U,3,Premise,0,2
Participant_14,0.5,4.99162557152613,3.32621553524586,6.65703560780639,BC,S,U,3,Premise,0,2
Participant_14,0.5,4.40910439106528,4.93001493280281,3.88819384932776,CD,S,U,3,Premise,0,2
Participant_14,1,2.96066976954262,2.96066976954262,0,DE,S,U,3,Premise,0,2
Participant_14,1,2.76473985621396,2.76473985621396,0,EF,S,U,3,Premise,0,2
Participant_14,1,1.91776054148113,1.91776054148113,0,AB,O,C,3,Premise,0,2
Participant_14,1,5.68943645348509,5.68943645348509,0,BC,O,C,3,Premise,0,2
Participant_14,0.5,2.93034104262779,4.51744161582155,1.34324046943402,CD,O,C,3,Premise,0,2
Participant_14,1,1.58058350823376,1.58058350823376,0,DE,O,C,3,Premise,0,2
Participant_14,1,1.34549373181471,1.34549373181471,0,EF,O,C,3,Premise,0,2
Participant_14,0,1.621409584704,0,1.621409584704,AB,F,D,3,Premise,0,3
Participant_14,0,1.98848840013807,0,1.98848840013807,BC,F,D,3,Premise,0,3
Participant_14,1,5.48979104339742,5.48979104339742,0,CD,F,D,3,Premise,0,3
Participant_14,0,2.64993662539155,0,2.64993662539155,DE,F,D,3,Premise,0,3
Participant_14,0,1.39269395965584,0,1.39269395965584,EF,F,D,3,Premise,0,3
Participant_14,1,4.50931529765558,4.50931529765558,0,AB,S,U,3,Premise,0,3
Participant_14,0,3.14674890826291,0,3.14674890826291,BC,S,U,3,Premise,0,3
Participant_14,0.5,6.44776341514716,4.58692225192772,8.30860457836661,CD,S,U,3,Premise,0,3
Participant_14,1,3.55133805093601,3.55133805093601,0,DE,S,U,3,Premise,0,3
Participant_14,1,2.32368670877941,2.32368670877941,0,EF,S,U,3,Premise,0,3
Participant_14,1,7.68549183314235,7.68549183314235,0,AB,O,C,3,Premise,0,3
Participant_14,1,1.96194778137533,1.96194778137533,0,BC,O,C,3,Premise,0,3
Participant_14,0.5,7.04556762609536,9.60804370025653,4.48309155193419,CD,O,C,3,Premise,0,3
Participant_14,1,1.50147147116331,1.50147147116331,0,DE,O,C,3,Premise,0,3
Participant_14,1,1.5462939966028,1.5462939966028,0,EF,O,C,3,Premise,0,3
Participant_14,0,2.02593612250075,0,2.02593612250075,AB,F,D,3,Premise,0,4
Participant_14,0,3.8687321999455,0,3.8687321999455,BC,F,D,3,Premise,0,4
Participant_14,1,1.5776764867378,1.5776764867378,0,CD,F,D,3,Premise,0,4
Participant_14,0,2.11441656874013,0,2.11441656874013,DE,F,D,3,Premise,0,4
Participant_14,0,1.49261672987041,0,1.49261672987041,EF,F,D,3,Premise,0,4
Participant_14,1,1.6092896399191,1.6092896399191,0,AB,S,U,3,Premise,0,4
Participant_14,0.5,1.63198724297308,1.29996972387107,1.96400476207509,BC,S,U,3,Premise,0,4
Participant_14,0.5,3.27971986883722,3.89173718267739,2.66770255499705,CD,S,U,3,Premise,0,4
Participant_14,1,9.17723081186205,9.17723081186205,0,DE,S,U,3,Premise,0,4
Participant_14,1,1.68561781262679,1.68561781262679,0,EF,S,U,3,Premise,0,4
Participant_14,1,2.62916797093476,2.62916797093476,0,AB,O,C,3,Premise,0,4
Participant_14,1,2.1209000220656,2.1209000220656,0,BC,O,C,3,Premise,0,4
Participant_14,1,1.55918085111853,1.55918085111853,0,CD,O,C,3,Premise,0,4
Participant_14,1,2.75676876735133,2.75676876735133,0,DE,O,C,3,Premise,0,4
Participant_14,1,1.32698552390548,1.32698552390548,0,EF,O,C,3,Premise,0,4
Participant_15,1,0.898539825733678,0.898539825733678,0,AB,O,D,3,Premise,0,1
Participant_15,0,1.86771914159931,0,1.86771914159931,BC,O,D,3,Premise,0,1
Participant_15,0.5,0.886655993103432,0.796637827519589,0.976674158687274,CD,O,D,3,Premise,0,1
Participant_15,0,2.42163013023787,0,2.42163013023787,DE,O,D,3,Premise,0,1
Participant_15,0.5,1.1805959235196,1.51821946488462,0.842972382154585,EF,O,D,3,Premise,0,1
Participant_15,0.5,3.03039887311775,5.38423750731226,0.67656023892323,AB,F,U,3,Premise,0,1
Participant_15,1,4.79556354362308,4.79556354362308,0,BC,F,U,3,Premise,0,1
Participant_15,0.5,1.65063964407773,2.00101912004675,1.30026016810871,CD,F,U,3,Premise,0,1
Participant_15,0.5,2.53452256329751,2.15149891724923,2.9175462093458,DE,F,U,3,Premise,0,1
Participant_15,1,0.901711362213518,0.901711362213518,0,EF,F,U,3,Premise,0,1
Participant_15,0.5,1.31683267136714,0.711956443650706,1.92170889908357,AB,S,C,3,Premise,0,1
Participant_15,1,1.12709494339924,1.12709494339924,0,BC,S,C,3,Premise,0,1
Participant_15,1,1.74667195213328,1.74667195213328,0,CD,S,C,3,Premise,0,1
Participant_15,0,1.96977534201596,0,1.96977534201596,DE,S,C,3,Premise,0,1
Participant_15,1,1.13472833728451,1.13472833728451,0,EF,S,C,3,Premise,0,1
Participant_15,0.5,1.60463863829978,2.83389523486994,0.375382041729608,AB,O,D,3,Premise,0,2
Participant_15,0.5,0.0686079210156549,0.130361156439449,0.0068546855918612,BC,O,D,3,Premise,0,2
Participant_15,0.5,0.206448782290181,0.0407088682945869,0.372188696285775,CD,O,D,3,Premise,0,2
Participant_15,0,0.279772827570696,0,0.279772827570696,DE,O,D,3,Premise,0,2
Participant_15,0.5,0.225194484641406,0.44672455022237,0.00366441906044201,EF,O,D,3,Premise,0,2
Participant_15,0.5,0.145054240175796,0.00340835616862023,0.286700124182971,AB,F,U,3,Premise,0,2
Participant_15,0.5,0.436694736085883,0.278507651097698,0.594881821074068,BC,F,U,3,Premise,0,2
Participant_15,0.5,0.182407093814618,0.141511438160251,0.223302749468985,CD,F,U,3,Premise,0,2
Participant_15,0.5,0.330289058571225,0.158705625173297,0.501872491969152,DE,F,U,3,Premise,0,2
Participant_15,0.5,0.0117555446081496,0.0065668072702465,0.0169442819460528,EF,F,U,3,Premise,0,2
Participant_15,0.5,0.0434355019140185,0.0833908063668787,0.00348019746115824,AB,S,C,3,Premise,0,2
Participant_15,0,0.158591961985621,0,0.158591961985621,BC,S,C,3,Premise,0,2
Participant_15,0,0.287124244383676,0,0.287124244383676,CD,S,C,3,Premise,0,2
Participant_15,0,0.567664234326003,0,0.567664234326003,DE,S,C,3,Premise,0,2
Participant_15,0,0.608189907324686,0,0.608189907324686,EF,S,C,3,Premise,0,2
Participant_15,1,0.017697589211366,0.017697589211366,0,AB,O,D,3,Premise,0,3
Participant_15,0.5,0.156976046060208,0.00339757997426204,0.310554512146155,BC,O,D,3,Premise,0,3
Participant_15,1,0.0101260301526054,0.0101260301526054,0,CD,O,D,3,Premise,0,3
Participant_15,0.5,0.0154892392006332,0.0171685294089912,0.0138099489922752,DE,O,D,3,Premise,0,3
Participant_15,0,0.0767824337776801,0,0.0767824337776801,EF,O,D,3,Premise,0,3
Participant_15,0,0.153658004659519,0,0.153658004659519,AB,F,U,3,Premise,0,3
Participant_15,1,0.054718946601497,0.054718946601497,0,BC,F,U,3,Premise,0,3
Participant_15,1,0.0102558576313641,0.0102558576313641,0,CD,F,U,3,Premise,0,3
Participant_15,1,0.162905518437583,0.162905518437583,0,DE,F,U,3,Premise,0,3
Participant_15,0.5,0.365054599382347,0.713206995289511,0.0169022034751833,EF,F,U,3,Premise,0,3
Participant_15,0.5,0.0186030460704387,0.00990896681923914,0.0272971253216383,AB,S,C,3,Premise,0,3
Participant_15,0.5,0.0114122458617203,0.00663095128129498,0.0161935404421456,BC,S,C,3,Premise,0,3
Participant_15,0.5,0.0220360335397345,0.027358703572645,0.016713363506824,CD,S,C,3,Premise,0,3
Participant_15,0.5,0.0325995258476723,0.016700021552424,0.0484990301429207,DE,S,C,3,Premise,0,3
Participant_15,1,0.205095600234017,0.205095600234017,0,EF,S,C,3,Premise,0,3
Participant_15,0.5,0.0510119359178134,0.0133429805928245,0.0886808912428023,AB,O,D,3,Premise,0,4
Participant_15,0.5,0.199540728880947,0.00969344294207986,0.389388014819815,BC,O,D,3,Premise,0,4
Participant_15,0.5,0.239417264488566,0.310002360499311,0.16883216847782,CD,O,D,3,Premise,0,4
Participant_15,1,0.296153925100043,0.296153925100043,0,DE,O,D,3,Premise,0,4
Participant_15,1,0.0275975758695495,0.0275975758695495,0,EF,O,D,3,Premise,0,4
Participant_15,1,0.117786107946813,0.117786107946813,0,AB,F,U,3,Premise,0,4
Participant_15,0.5,0.146080800927848,0.202914703860188,0.0892468979955083,BC,F,U,3,Premise,0,4
Participant_15,0.5,0.0397787801348386,0.0764493980732368,0.00310816219644039,CD,F,U,3,Premise,0,4
Participant_15,1,0.0054024651826694,0.0054024651826694,0,DE,F,U,3,Premise,0,4
Participant_15,0.5,0.00534191323640698,0.00666892453591572,0.00401490193689824,EF,F,U,3,Premise,0,4
Participant_15,1,0.930328827858375,0.930328827858375,0,AB,S,C,3,Premise,0,4
Participant_15,0.5,0.123134435583779,0.148061311411766,0.0982075597557923,BC,S,C,3,Premise,0,4
Participant_15,1,0.0784596713770043,0.0784596713770043,0,CD,S,C,3,Premise,0,4
Participant_15,0.5,0.0119287334382534,0.00662633291267412,0.0172311339638327,DE,S,C,3,Premise,0,4
Participant_15,1,0.0842595728527158,0.0842595728527158,0,EF,S,C,3,Premise,0,4
Participant_16,1,1.40817712048357,1.40817712048357,0,AB,O,D,3,Premise,0,1
Participant_16,0.5,1.48089114448896,2.05936430393126,0.902417985046668,BC,O,D,3,Premise,0,1
Participant_16,0,1.48163213990648,0,1.48163213990648,CD,O,D,3,Premise,0,1
Participant_16,1,1.6482929908197,1.6482929908197,0,DE,O,D,3,Premise,0,1
Participant_16,1,1.20477208233058,1.20477208233058,0,EF,O,D,3,Premise,0,1
Participant_16,1,2.17864865835696,2.17864865835696,0,AB,S,U,3,Premise,0,1
Participant_16,1,1.09161582158634,1.09161582158634,0,BC,S,U,3,Premise,0,1
Participant_16,1,1.35421864496368,1.35421864496368,0,CD,S,U,3,Premise,0,1
Participant_16,0,1.42270581352983,0,1.42270581352983,DE,S,U,3,Premise,0,1
Participant_16,1,1.73472235763813,1.73472235763813,0,EF,S,U,3,Premise,0,1
Participant_16,1,3.18354133204701,3.18354133204701,0,AB,F,C,3,Premise,0,1
Participant_16,1,2.28782155557718,2.28782155557718,0,BC,F,C,3,Premise,0,1
Participant_16,0,4.67017647390867,0,4.67017647390867,CD,F,C,3,Premise,0,1
Participant_16,0.5,2.69922744556709,2.16138202829529,3.23707286283889,DE,F,C,3,Premise,0,1
Participant_16,1,0.71365402082381,0.71365402082381,0,EF,F,C,3,Premise,0,1
Participant_16,1,1.39845745690786,1.39845745690786,0,AB,O,D,3,Premise,0,2
Participant_16,1,1.12550686857583,1.12550686857583,0,BC,O,D,3,Premise,0,2
Participant_16,0,1.12102215288928,0,1.12102215288928,CD,O,D,3,Premise,0,2
Participant_16,1,0.820841265850049,0.820841265850049,0,DE,O,D,3,Premise,0,2
Participant_16,1,0.825545868334643,0.825545868334643,0,EF,O,D,3,Premise,0,2
Participant_16,1,1.26102153710372,1.26102153710372,0,AB,S,U,3,Premise,0,2
Participant_16,1,1.11550266070719,1.11550266070719,0,BC,S,U,3,Premise,0,2
Participant_16,0,1.69302981942087,0,1.69302981942087,CD,S,U,3,Premise,0,2
Participant_16,0.5,1.71976877248255,1.15368932586853,2.28584821909658,DE,S,U,3,Premise,0,2
Participant_16,0,2.32507325283643,0,2.32507325283643,EF,S,U,3,Premise,0,2
Participant_16,0.5,3.11880891657654,5.15367085229877,1.08394698085431,AB,F,C,3,Premise,0,2
Participant_16,0,2.47977144088713,0,2.47977144088713,BC,F,C,3,Premise,0,2
Participant_16,0,2.38211373561251,0,2.38211373561251,CD,F,C,3,Premise,0,2
Participant_16,1,3.31574127765259,3.31574127765259,0,DE,F,C,3,Premise,0,2
Participant_16,1,0.548860026786656,0.548860026786656,0,EF,F,C,3,Premise,0,2
Participant_16,1,0.91698465154218,0.91698465154218,0,AB,O,D,3,Premise,0,3
Participant_16,1,1.26481888204103,1.26481888204103,0,BC,O,D,3,Premise,0,3
Participant_16,0,1.68479394272163,0,1.68479394272163,CD,O,D,3,Premise,0,3
Participant_16,0.5,1.91796015866737,1.19370615734351,2.64221415999123,DE,O,D,3,Premise,0,3
Participant_16,1,0.7327120740174,0.7327120740174,0,EF,O,D,3,Premise,0,3
Participant_16,1,1.2201107901044,1.2201107901044,0,AB,S,U,3,Premise,0,3
Participant_16,1,0.879652645569195,0.879652645569195,0,BC,S,U,3,Premise,0,3
Participant_16,0.5,1.88006393907835,2.07917464194634,1.68095323621037,CD,S,U,3,Premise,0,3
Participant_16,1,1.59597481436617,1.59597481436617,0,DE,S,U,3,Premise,0,3
Participant_16,1,3.98931894105385,3.98931894105385,0,EF,S,U,3,Premise,0,3
Participant_16,0.5,1.75621250763322,1.71344721947116,1.79897779579528,AB,F,C,3,Premise,0,3
Participant_16,0,1.39473041416716,0,1.39473041416716,BC,F,C,3,Premise,0,3
Participant_16,0,1.42736910705946,0,1.42736910705946,CD,F,C,3,Premise,0,3
Participant_16,1,1.6684458596111,1.6684458596111,0,DE,F,C,3,Premise,0,3
Participant_16,1,0.496196497205801,0.496196497205801,0,EF,F,C,3,Premise,0,3
Participant_16,1,0.722035120309329,0.722035120309329,0,AB,O,D,3,Premise,0,4
Participant_16,1,1.31522427427126,1.31522427427126,0,BC,O,D,3,Premise,0,4
Participant_16,0,1.19489898549296,0,1.19489898549296,CD,O,D,3,Premise,0,4
Participant_16,1,1.29928491889609,1.29928491889609,0,DE,O,D,3,Premise,0,4
Participant_16,1,0.721316190544712,0.721316190544712,0,EF,O,D,3,Premise,0,4
Participant_16,1,1.16711447968692,1.16711447968692,0,AB,S,U,3,Premise,0,4
Participant_16,1,1.12659526973971,1.12659526973971,0,BC,S,U,3,Premise,0,4
Participant_16,0.5,2.43896306825468,2.66219999692112,2.21572613958824,CD,S,U,3,Premise,0,4
Participant_16,1,1.14584242044839,1.14584242044839,0,DE,S,U,3,Premise,0,4
Participant_16,1,1.39237118533606,1.39237118533606,0,EF,S,U,3,Premise,0,4
Participant_16,0.5,1.87775961780244,1.71341643018786,2.04210280541702,AB,F,C,3,Premise,0,4
Participant_16,0,1.43535815633754,0,1.43535815633754,BC,F,C,3,Premise,0,4
Participant_16,0,1.83523012423484,0,1.83523012423484,CD,F,C,3,Premise,0,4
Participant_16,1,1.76508674880552,1.76508674880552,0,DE,F,C,3,Premise,0,4
Participant_16,1,0.531898210629379,0.531898210629379,0,EF,F,C,3,Premise,0,4
Participant_17,1,1.71220448399208,1.71220448399208,0,AB,S,U,3,Premise,0,1
Participant_17,0.5,2.25225302892704,2.12374442579949,2.3807616320546,BC,S,U,3,Premise,0,1
Participant_17,1,2.78127145650205,2.78127145650205,0,CD,S,U,3,Premise,0,1
Participant_17,0,1.55225636446721,0,1.55225636446721,DE,S,U,3,Premise,0,1
Participant_17,0,1.40962765111226,0,1.40962765111226,EF,S,U,3,Premise,0,1
Participant_17,1,1.03973680024228,1.03973680024228,0,AB,F,D,3,Premise,0,1
Participant_17,0.5,0.988480071431695,1.01336114660444,0.963598996258952,BC,F,D,3,Premise,0,1
Participant_17,1,1.34686100035424,1.34686100035424,0,CD,F,D,3,Premise,0,1
Participant_17,0.5,0.864308439941851,0.94664572973852,0.781971150145182,DE,F,D,3,Premise,0,1
Participant_17,1,1.26767246024247,1.26767246024247,0,EF,F,D,3,Premise,0,1
Participant_17,0.5,1.48689081494967,0.639638530105003,2.33414309979435,AB,O,C,3,Premise,0,1
Participant_17,0,3.30342431659938,0,3.30342431659938,BC,O,C,3,Premise,0,1
Participant_17,0,1.15784442015456,0,1.15784442015456,CD,O,C,3,Premise,0,1
Participant_17,0.5,0.882134335021419,0.900212448234925,0.864056221807914,DE,O,C,3,Premise,0,1
Participant_17,1,0.99487327514089,0.99487327514089,0,EF,O,C,3,Premise,0,1
Participant_17,1,0.9843717125691,0.9843717125691,0,AB,S,U,3,Premise,0,2
Participant_17,1,2.0797820096368,2.0797820096368,0,BC,S,U,3,Premise,0,2
Participant_17,1,1.5819342026266,1.5819342026266,0,CD,S,U,3,Premise,0,2
Participant_17,0,1.04927516151702,0,1.04927516151702,DE,S,U,3,Premise,0,2
Participant_17,0.5,2.14967773552735,2.8102991209571,1.4890563500976,EF,S,U,3,Premise,0,2
Participant_17,0.5,0.750219889055188,0.728801104321064,0.771638673789312,AB,F,D,3,Premise,0,2
Participant_17,1,0.829559811362287,0.829559811362287,0,BC,F,D,3,Premise,0,2
Participant_17,0.5,0.787924319165086,0.963425548183295,0.612423090146876,CD,F,D,3,Premise,0,2
Participant_17,0.5,0.603241375063135,0.637829127987061,0.568653622139209,DE,F,D,3,Premise,0,2
Participant_17,1,0.829134658312341,0.829134658312341,0,EF,F,D,3,Premise,0,2
Participant_17,1,1.06141678341055,1.06141678341055,0,AB,O,C,3,Premise,0,2
Participant_17,1,1.04730642322374,1.04730642322374,0,BC,O,C,3,Premise,0,2
Participant_17,0,1.05036383043171,0,1.05036383043171,CD,O,C,3,Premise,0,2
Participant_17,0,1.46798035623578,0,1.46798035623578,DE,O,C,3,Premise,0,2
Participant_17,1,0.60491453320401,0.60491453320401,0,EF,O,C,3,Premise,0,2
Participant_17,1,0.720743722770749,0.720743722770749,0,AB,S,U,3,Premise,0,3
Participant_17,1,2.51194508161825,2.51194508161825,0,BC,S,U,3,Premise,0,3
Participant_17,1,1.8786009719247,1.8786009719247,0,CD,S,U,3,Premise,0,3
Participant_17,0,1.52344679300631,0,1.52344679300631,DE,S,U,3,Premise,0,3
Participant_17,0.5,1.96495861364656,2.46999040390801,1.4599268233851,EF,S,U,3,Premise,0,3
Participant_17,1,0.561786258601842,0.561786258601842,0,AB,F,D,3,Premise,0,3
Participant_17,0.5,0.670168213843681,0.788302004915749,0.552034422771612,BC,F,D,3,Premise,0,3
Participant_17,1,1.01712851065622,1.01712851065622,0,CD,F,D,3,Premise,0,3
Participant_17,0,0.856018596917693,0,0.856018596917693,DE,F,D,3,Premise,0,3
Participant_17,0.5,0.853611876574632,1.07873105798171,0.628492695167552,EF,F,D,3,Premise,0,3
Participant_17,1,0.808446100240872,0.808446100240872,0,AB,O,C,3,Premise,0,3
Participant_17,0,0.887918161245125,0,0.887918161245125,BC,O,C,3,Premise,0,3
Participant_17,0,0.707872643954488,0,0.707872643954488,CD,O,C,3,Premise,0,3
Participant_17,0,0.629787654397205,0,0.629787654397205,DE,O,C,3,Premise,0,3
Participant_17,1,0.727119992200187,0.727119992200187,0,EF,O,C,3,Premise,0,3
Participant_17,1,0.754686690169365,0.754686690169365,0,AB,S,U,3,Premise,0,4
Participant_17,1,2.50713831201119,2.50713831201119,0,BC,S,U,3,Premise,0,4
Participant_17,1,0.96845631212409,0.96845631212409,0,CD,S,U,3,Premise,0,4
Participant_17,0,1.41472717849229,0,1.41472717849229,DE,S,U,3,Premise,0,4
Participant_17,0,2.46615171061876,0,2.46615171061876,EF,S,U,3,Premise,0,4
Participant_17,0.5,0.592734680891226,0.583594788347,0.601874573435452,AB,F,D,3,Premise,0,4
Participant_17,0.5,0.793224748679677,1.02486824617245,0.561581251186908,BC,F,D,3,Premise,0,4
Participant_17,0.5,0.885568401660294,1.107098542112,0.664038261208589,CD,F,D,3,Premise,0,4
Participant_17,0,0.857661478618866,0,0.857661478618866,DE,F,D,3,Premise,0,4
Participant_17,1,0.927274966516507,0.927274966516507,0,EF,F,D,3,Premise,0,4
Participant_17,1,0.987649521991898,0.987649521991898,0,AB,O,C,3,Premise,0,4
Participant_17,0,0.818195370270587,0,0.818195370270587,BC,O,C,3,Premise,0,4
Participant_17,0,0.731025909447908,0,0.731025909447908,CD,O,C,3,Premise,0,4
Participant_17,0,0.767349426030705,0,0.767349426030705,DE,O,C,3,Premise,0,4
Participant_17,1,0.690772357098012,0.690772357098012,0,EF,O,C,3,Premise,0,4
Participant_19,0,2.47353956915731,0,2.47353956915731,AB,F,U,3,Premise,0,1
Participant_19,1,1.35623941623817,1.35623941623817,0,BC,F,U,3,Premise,0,1
Participant_19,1,4.1290731446984,4.1290731446984,0,CD,F,U,3,Premise,0,1
Participant_19,0.5,3.0801941254349,3.96731375144964,2.19307449942016,DE,F,U,3,Premise,0,1
Participant_19,1,3.34036710900364,3.34036710900364,0,EF,F,U,3,Premise,0,1
Participant_19,1,1.67617101306496,1.67617101306496,0,AB,O,D,3,Premise,0,1
Participant_19,0.5,4.72198420517907,4.60168673091357,4.84228167944457,BC,O,D,3,Premise,0,1
Participant_19,0.5,1.53015846136486,1.56663023286865,1.49368668986108,CD,O,D,3,Premise,0,1
Participant_19,1,2.590834077404,2.590834077404,0,DE,O,D,3,Premise,0,1
Participant_19,0,1.89027012325914,0,1.89027012325914,EF,O,D,3,Premise,0,1
Participant_19,1,2.96786410706386,2.96786410706386,0,AB,S,C,3,Premise,0,1
Participant_19,0.5,2.41430693679013,2.94322587928627,1.88538799429398,BC,S,C,3,Premise,0,1
Participant_19,0.5,2.64858780545364,2.20991974301342,3.08725586789387,CD,S,C,3,Premise,0,1
Participant_19,1,3.97365169288855,3.97365169288855,0,DE,S,C,3,Premise,0,1
Participant_19,1,2.3609855599002,2.3609855599002,0,EF,S,C,3,Premise,0,1
Participant_19,0,2.61392232929984,0,2.61392232929984,AB,F,U,3,Premise,0,2
Participant_19,1,3.02248837710522,3.02248837710522,0,BC,F,U,3,Premise,0,2
Participant_19,0,3.40951768835248,0,3.40951768835248,CD,F,U,3,Premise,0,2
Participant_19,1,2.13768101439905,2.13768101439905,0,DE,F,U,3,Premise,0,2
Participant_19,0.5,2.20778041195854,1.24051027843643,3.17505054548064,EF,F,U,3,Premise,0,2
Participant_19,1,1.27289043176643,1.27289043176643,0,AB,O,D,3,Premise,0,2
Participant_19,1,2.13598709935673,2.13598709935673,0,BC,O,D,3,Premise,0,2
Participant_19,0,1.38760147582548,0,1.38760147582548,CD,O,D,3,Premise,0,2
Participant_19,1,1.61799957921539,1.61799957921539,0,DE,O,D,3,Premise,0,2
Participant_19,0,1.24764463191605,0,1.24764463191605,EF,O,D,3,Premise,0,2
Participant_19,1,1.71737558627638,1.71737558627638,0,AB,S,C,3,Premise,0,2
Participant_19,1,3.10396640906447,3.10396640906447,0,BC,S,C,3,Premise,0,2
Participant_19,0,1.92696049755227,0,1.92696049755227,CD,S,C,3,Premise,0,2
Participant_19,0,3.48231575274281,0,3.48231575274281,DE,S,C,3,Premise,0,2
Participant_19,1,1.47108541929674,1.47108541929674,0,EF,S,C,3,Premise,0,2
Participant_19,1,2.01502534971314,2.01502534971314,0,AB,F,U,3,Premise,0,3
Participant_19,1,1.13808075987572,1.13808075987572,0,BC,F,U,3,Premise,0,3
Participant_19,0,1.61027279164978,0,1.61027279164978,CD,F,U,3,Premise,0,3
Participant_19,1,1.1615176986154,1.1615176986154,0,DE,F,U,3,Premise,0,3
Participant_19,0.5,1.25744814598147,1.21325933680237,1.30163695516057,EF,F,U,3,Premise,0,3
Participant_19,1,2.14889236121803,2.14889236121803,0,AB,O,D,3,Premise,0,3
Participant_19,1,1.28226315465372,1.28226315465372,0,BC,O,D,3,Premise,0,3
Participant_19,0,1.49513429190165,0,1.49513429190165,CD,O,D,3,Premise,0,3
Participant_19,1,1.43511294477457,1.43511294477457,0,DE,O,D,3,Premise,0,3
Participant_19,0,2.30045927111883,0,2.30045927111883,EF,O,D,3,Premise,0,3
Participant_19,1,2.23355527161152,2.23355527161152,0,AB,S,C,3,Premise,0,3
Participant_19,1,6.28433577593751,6.28433577593751,0,BC,S,C,3,Premise,0,3
Participant_19,0,2.26060300501877,0,2.26060300501877,CD,S,C,3,Premise,0,3
Participant_19,0,5.93406277902659,0,5.93406277902659,DE,S,C,3,Premise,0,3
Participant_19,1,1.3907391442674,1.3907391442674,0,EF,S,C,3,Premise,0,3
Participant_19,0.5,2.8387732586184,3.66696224226962,2.01058427496719,AB,F,U,3,Premise,0,4
Participant_19,1,2.26214810595548,2.26214810595548,0,BC,F,U,3,Premise,0,4
Participant_19,0,1.23249740858205,0,1.23249740858205,CD,F,U,3,Premise,0,4
Participant_19,1,1.09741807526893,1.09741807526893,0,DE,F,U,3,Premise,0,4
Participant_19,0.5,1.8241568911194,1.21872132762701,2.42959245461179,EF,F,U,3,Premise,0,4
Participant_19,0.5,3.98002273263751,5.96689091412918,1.99315455114584,AB,O,D,3,Premise,0,4
Participant_19,1,2.16476364214827,2.16476364214827,0,BC,O,D,3,Premise,0,4
Participant_19,0,2.11747282859687,0,2.11747282859687,CD,O,D,3,Premise,0,4
Participant_19,1,2.05293394706337,2.05293394706337,0,DE,O,D,3,Premise,0,4
Participant_19,0,0.990779683282426,0,0.990779683282426,EF,O,D,3,Premise,0,4
Participant_19,1,1.30621632439443,1.30621632439443,0,AB,S,C,3,Premise,0,4
Participant_19,1,2.07375124439386,2.07375124439386,0,BC,S,C,3,Premise,0,4
Participant_19,0,1.46675236306532,0,1.46675236306532,CD,S,C,3,Premise,0,4
Participant_19,0.5,3.11943101696511,4.4035417757118,1.83532025821842,DE,S,C,3,Premise,0,4
Participant_19,1,1.19171772529944,1.19171772529944,0,EF,S,C,3,Premise,0,4
Participant_21,1,0.791924442710297,0.791924442710297,0,AB,O,U,3,Premise,0,1
Participant_21,1,1.04604971468871,1.04604971468871,0,BC,O,U,3,Premise,0,1
Participant_21,0,1.10765759062269,0,1.10765759062269,CD,O,U,3,Premise,0,1
Participant_21,1,1.11386628145556,1.11386628145556,0,DE,O,U,3,Premise,0,1
Participant_21,0,0.996464602409105,0,0.996464602409105,EF,O,U,3,Premise,0,1
Participant_21,0,0.983643622483214,0,0.983643622483214,AB,F,D,3,Premise,0,1
Participant_21,1,0.645298708896007,0.645298708896007,0,BC,F,D,3,Premise,0,1
Participant_21,0,1.24465469641655,0,1.24465469641655,CD,F,D,3,Premise,0,1
Participant_21,0.5,1.09307109281872,1.36089176485257,0.825250420784869,DE,F,D,3,Premise,0,1
Participant_21,0.5,1.05889481300619,1.27672780081048,0.841061825201905,EF,F,D,3,Premise,0,1
Participant_21,0.5,0.997449351369141,1.04717096350214,0.947727739236143,AB,S,C,3,Premise,0,1
Participant_21,0,0.685903310888534,0,0.685903310888534,BC,S,C,3,Premise,0,1
Participant_21,1,0.845233024752815,0.845233024752815,0,CD,S,C,3,Premise,0,1
Participant_21,0,0.778058161256922,0,0.778058161256922,DE,S,C,3,Premise,0,1
Participant_21,1,0.889521326818794,0.889521326818794,0,EF,S,C,3,Premise,0,1
Participant_21,1,0.812736052383116,0.812736052383116,0,AB,O,U,3,Premise,0,2
Participant_21,1,0.711734882384917,0.711734882384917,0,BC,O,U,3,Premise,0,2
Participant_21,0,0.775447216634348,0,0.775447216634348,CD,O,U,3,Premise,0,2
Participant_21,1,0.695959398988634,0.695959398988634,0,DE,O,U,3,Premise,0,2
Participant_21,0.5,1.09928517180379,0.997523502606782,1.20104684100079,EF,O,U,3,Premise,0,2
Participant_21,1,1.00038666406545,1.00038666406545,0,AB,F,D,3,Premise,0,2
Participant_21,0.5,0.781162506675173,0.783679030340863,0.778645983009483,BC,F,D,3,Premise,0,2
Participant_21,0.5,0.890401391683554,1.11392298534338,0.666879798023729,CD,F,D,3,Premise,0,2
Participant_21,1,0.914599583313247,0.914599583313247,0,DE,F,D,3,Premise,0,2
Participant_21,1,0.777666878773744,0.777666878773744,0,EF,F,D,3,Premise,0,2
Participant_21,0.5,0.904525278132496,1.22371197504253,0.585338581222459,AB,S,C,3,Premise,0,2
Participant_21,0,0.57357727123599,0,0.57357727123599,BC,S,C,3,Premise,0,2
Participant_21,1,0.787073309660627,0.787073309660627,0,CD,S,C,3,Premise,0,2
Participant_21,0.5,0.937411480354058,1.35066864403052,0.524154316677595,DE,S,C,3,Premise,0,2
Participant_21,0.5,0.887661901142565,0.813792130218644,0.961531672066485,EF,S,C,3,Premise,0,2
Participant_21,1,0.919699854264763,0.919699854264763,0,AB,O,U,3,Premise,0,3
Participant_21,1,0.790629233546497,0.790629233546497,0,BC,O,U,3,Premise,0,3
Participant_21,0,0.665782411018881,0,0.665782411018881,CD,O,U,3,Premise,0,3
Participant_21,1,0.73774349316227,0.73774349316227,0,DE,O,U,3,Premise,0,3
Participant_21,0.5,0.890562009932182,1.18185886120045,0.599265158663911,EF,O,U,3,Premise,0,3
Participant_21,0,1.110960271355,0,1.110960271355,AB,F,D,3,Premise,0,3
Participant_21,0.5,0.93940047826618,0.923921343244729,0.95487961328763,BC,F,D,3,Premise,0,3
Participant_21,0.5,0.756258210516535,0.793869822242414,0.718646598790656,CD,F,D,3,Premise,0,3
Participant_21,0.5,1.16364434089701,1.72564914404938,0.601639537744632,DE,F,D,3,Premise,0,3
Participant_21,0.5,0.963455498993426,1.0478657785643,0.879045219422551,EF,F,D,3,Premise,0,3
Participant_21,0.5,0.912656256412447,1.12157210886653,0.703740403958363,AB,S,C,3,Premise,0,3
Participant_21,0,0.729217640295246,0,0.729217640295246,BC,S,C,3,Premise,0,3
Participant_21,1,0.598275021551672,0.598275021551672,0,CD,S,C,3,Premise,0,3
Participant_21,0.5,0.903074838868633,0.79220616609382,1.01394351164345,DE,S,C,3,Premise,0,3
Participant_21,1,1.31370284083823,1.31370284083823,0,EF,S,C,3,Premise,0,3
Participant_21,1,1.20666591403278,1.20666591403278,0,AB,O,U,3,Premise,0,4
Participant_21,1,0.788784432857938,0.788784432857938,0,BC,O,U,3,Premise,0,4
Participant_21,0,0.565918141139264,0,0.565918141139264,CD,O,U,3,Premise,0,4
Participant_21,1,0.726824274395767,0.726824274395767,0,DE,O,U,3,Premise,0,4
Participant_21,0.5,0.782279906812619,1.00203928732662,0.562520526298613,EF,O,U,3,Premise,0,4
Participant_21,0,0.623281179443438,0,0.623281179443438,AB,F,D,3,Premise,0,4
Participant_21,1,0.530104889359791,0.530104889359791,0,BC,F,D,3,Premise,0,4
Participant_21,0.5,0.58028859969636,0.713643314586079,0.44693388480664,CD,F,D,3,Premise,0,4
Participant_21,0.5,0.598227297919948,0.694622624083422,0.501831971756474,DE,F,D,3,Premise,0,4
Participant_21,0.5,0.650307381256425,0.803789153906109,0.496825608606741,EF,F,D,3,Premise,0,4
Participant_21,0.5,0.543617861982057,0.513680775075045,0.573554948889068,AB,S,C,3,Premise,0,4
Participant_21,0,0.557749445786612,0,0.557749445786612,BC,S,C,3,Premise,0,4
Participant_21,1,0.531099388314033,0.531099388314033,0,CD,S,C,3,Premise,0,4
Participant_21,0.5,0.635001436839957,0.627007471572142,0.642995402107772,DE,S,C,3,Premise,0,4
Participant_21,1,0.577202984524774,0.577202984524774,0,EF,S,C,3,Premise,0,4
Participant_22,0.5,4.47030984600042,3.92665147712978,5.01396821487106,AB,O,U,3,Premise,0,1
Participant_22,1,2.99136736610308,2.99136736610308,0,BC,O,U,3,Premise,0,1
Participant_22,1,1.48081602701222,1.48081602701222,0,CD,O,U,3,Premise,0,1
Participant_22,1,1.99437243099237,1.99437243099237,0,DE,O,U,3,Premise,0,1
Participant_22,0,3.33990922199791,0,3.33990922199791,EF,O,U,3,Premise,0,1
Participant_22,1,2.64163523561729,2.64163523561729,0,AB,S,D,3,Premise,0,1
Participant_22,0.5,5.78495645837484,5.29838970395758,6.27152321279209,BC,S,D,3,Premise,0,1
Participant_22,1,9.99159264333866,9.99159264333866,0,CD,S,D,3,Premise,0,1
Participant_22,0.5,1.58330972797467,1.92199608972078,1.24462336622855,DE,S,D,3,Premise,0,1
Participant_22,0.5,2.35096243155749,1.85818464522708,2.8437402178879,EF,S,D,3,Premise,0,1
Participant_22,1,2.4406499684419,2.4406499684419,0,AB,F,C,3,Premise,0,1
Participant_22,0.5,6.95422792514,11.0179790733346,2.89047677694543,BC,F,C,3,Premise,0,1
Participant_22,1,10.4402866511682,10.4402866511682,0,CD,F,C,3,Premise,0,1
Participant_22,1,4.78762771269157,4.78762771269157,0,DE,F,C,3,Premise,0,1
Participant_22,1,2.48459416742298,2.48459416742298,0,EF,F,C,3,Premise,0,1
Participant_22,0.5,3.16978180437218,2.29428955565345,4.04527405309091,AB,O,U,3,Premise,0,2
Participant_22,1,1.2130719809511,1.2130719809511,0,BC,O,U,3,Premise,0,2
Participant_22,1,1.00045363342906,1.00045363342906,0,CD,O,U,3,Premise,0,2
Participant_22,1,1.21894304437319,1.21894304437319,0,DE,O,U,3,Premise,0,2
Participant_22,0.5,2.220209266643,0.831666589692759,3.60875194359323,EF,O,U,3,Premise,0,2
Participant_22,1,1.73304237161938,1.73304237161938,0,AB,S,D,3,Premise,0,2
Participant_22,0,2.61472743507238,0,2.61472743507238,BC,S,D,3,Premise,0,2
Participant_22,0,3.14435703619347,0,3.14435703619347,CD,S,D,3,Premise,0,2
Participant_22,1,1.40435518881714,1.40435518881714,0,DE,S,D,3,Premise,0,2
Participant_22,1,2.82853220848574,2.82853220848574,0,EF,S,D,3,Premise,0,2
Participant_22,1,1.67132179749751,1.67132179749751,0,AB,F,C,3,Premise,0,2
Participant_22,1,2.27486054877318,2.27486054877318,0,BC,F,C,3,Premise,0,2
Participant_22,1,4.14019761791042,4.14019761791042,0,CD,F,C,3,Premise,0,2
Participant_22,0,2.97007943716744,0,2.97007943716744,DE,F,C,3,Premise,0,2
Participant_22,1,2.01632823765522,2.01632823765522,0,EF,F,C,3,Premise,0,2
Participant_22,1,1.25975440163074,1.25975440163074,0,AB,O,U,3,Premise,0,3
Participant_22,1,1.03536596004506,1.03536596004506,0,BC,O,U,3,Premise,0,3
Participant_22,1,1.20501485598197,1.20501485598197,0,CD,O,U,3,Premise,0,3
Participant_22,1,1.86745924226761,1.86745924226761,0,DE,O,U,3,Premise,0,3
Participant_22,0.5,0.992642312093267,0.694160752496828,1.29112387168971,EF,O,U,3,Premise,0,3
Participant_22,1,1.87375084029918,1.87375084029918,0,AB,S,D,3,Premise,0,3
Participant_22,0,3.85678910663955,0,3.85678910663955,BC,S,D,3,Premise,0,3
Participant_22,0,5.59749706215916,0,5.59749706215916,CD,S,D,3,Premise,0,3
Participant_22,1,3.27552970939814,3.27552970939814,0,DE,S,D,3,Premise,0,3
Participant_22,1,2.33025001154692,2.33025001154692,0,EF,S,D,3,Premise,0,3
Participant_22,1,1.2547054205088,1.2547054205088,0,AB,F,C,3,Premise,0,3
Participant_22,1,2.34504082187686,2.34504082187686,0,BC,F,C,3,Premise,0,3
Participant_22,1,6.62997752359297,6.62997752359297,0,CD,F,C,3,Premise,0,3
Participant_22,0.5,3.01603701936074,4.07283741552055,1.95923662320092,DE,F,C,3,Premise,0,3
Participant_22,1,2.98971960938252,2.98971960938252,0,EF,F,C,3,Premise,0,3
Participant_22,0,1.76829877200908,0,1.76829877200908,AB,O,U,3,Premise,0,4
Participant_22,1,1.21259628164262,1.21259628164262,0,BC,O,U,3,Premise,0,4
Participant_22,1,1.06062959598967,1.06062959598967,0,CD,O,U,3,Premise,0,4
Participant_22,1,1.18102667918902,1.18102667918902,0,DE,O,U,3,Premise,0,4
Participant_22,0,4.12109626368238,0,4.12109626368238,EF,O,U,3,Premise,0,4
Participant_22,1,1.37264395420516,1.37264395420516,0,AB,S,D,3,Premise,0,4
Participant_22,1,3.800501870468,3.800501870468,0,BC,S,D,3,Premise,0,4
Participant_22,1,2.43947714128899,2.43947714128899,0,CD,S,D,3,Premise,0,4
Participant_22,1,1.42330464768929,1.42330464768929,0,DE,S,D,3,Premise,0,4
Participant_22,1,1.7497080119665,1.7497080119665,0,EF,S,D,3,Premise,0,4
Participant_22,1,1.09494101225937,1.09494101225937,0,AB,F,C,3,Premise,0,4
Participant_22,1,2.53594814005191,2.53594814005191,0,BC,F,C,3,Premise,0,4
Participant_22,0.5,5.27617911336347,6.94381719188823,3.60854103483871,CD,F,C,3,Premise,0,4
Participant_22,0,3.14821574272355,0,3.14821574272355,DE,F,C,3,Premise,0,4
Participant_22,1,1.86958500751734,1.86958500751734,0,EF,F,C,3,Premise,0,4
Participant_23,1,2.9706216356293,2.9706216356293,0,AB,S,U,3,Premise,0,1
Participant_23,1,4.5501000651708,4.5501000651708,0,BC,S,U,3,Premise,0,1
Participant_23,1,1.80297321845507,1.80297321845507,0,CD,S,U,3,Premise,0,1
Participant_23,1,1.2004869838305,1.2004869838305,0,DE,S,U,3,Premise,0,1
Participant_23,1,1.70389433117975,1.70389433117975,0,EF,S,U,3,Premise,0,1
Participant_23,1,3.28643039312789,3.28643039312789,0,AB,F,D,3,Premise,0,1
Participant_23,1,2.92347067064185,2.92347067064185,0,BC,F,D,3,Premise,0,1
Participant_23,1,1.5661361502107,1.5661361502107,0,CD,F,D,3,Premise,0,1
Participant_23,1,3.83762322127751,3.83762322127751,0,DE,F,D,3,Premise,0,1
Participant_23,1,7.09586012428616,7.09586012428616,0,EF,F,D,3,Premise,0,1
Participant_23,1,1.21270006619693,1.21270006619693,0,AB,O,C,3,Premise,0,1
Participant_23,1,2.99469269729519,2.99469269729519,0,BC,O,C,3,Premise,0,1
Participant_23,1,1.8412478896513,1.8412478896513,0,CD,O,C,3,Premise,0,1
Participant_23,1,1.72619834456287,1.72619834456287,0,DE,O,C,3,Premise,0,1
Participant_23,1,1.16195881420208,1.16195881420208,0,EF,O,C,3,Premise,0,1
Participant_23,1,5.72245488087117,5.72245488087117,0,AB,S,U,3,Premise,0,2
Participant_23,1,4.01405248546484,4.01405248546484,0,BC,S,U,3,Premise,0,2
Participant_23,1,1.41970616760659,1.41970616760659,0,CD,S,U,3,Premise,0,2
Participant_23,1,1.02878387462601,1.02878387462601,0,DE,S,U,3,Premise,0,2
Participant_23,1,1.28470516695484,1.28470516695484,0,EF,S,U,3,Premise,0,2
Participant_23,1,1.10634823705686,1.10634823705686,0,AB,F,D,3,Premise,0,2
Participant_23,0.5,3.03719730285877,2.20282389043109,3.87157071528645,BC,F,D,3,Premise,0,2
Participant_23,1,3.71621594576993,3.71621594576993,0,CD,F,D,3,Premise,0,2
Participant_23,1,1.46433523371638,1.46433523371638,0,DE,F,D,3,Premise,0,2
Participant_23,1,1.47357253185407,1.47357253185407,0,EF,F,D,3,Premise,0,2
Participant_23,1,1.23349745731844,1.23349745731844,0,AB,O,C,3,Premise,0,2
Participant_23,1,1.88011987294283,1.88011987294283,0,BC,O,C,3,Premise,0,2
Participant_23,1,3.57897348529548,3.57897348529548,0,CD,O,C,3,Premise,0,2
Participant_23,1,1.67946739671481,1.67946739671481,0,DE,O,C,3,Premise,0,2
Participant_23,1,0.795046260898062,0.795046260898062,0,EF,O,C,3,Premise,0,2
Participant_23,1,3.71331739132688,3.71331739132688,0,AB,S,U,3,Premise,0,3
Participant_23,1,2.20005439440047,2.20005439440047,0,BC,S,U,3,Premise,0,3
Participant_23,1,1.24813365627892,1.24813365627892,0,CD,S,U,3,Premise,0,3
Participant_23,1,1.38629543343609,1.38629543343609,0,DE,S,U,3,Premise,0,3
Participant_23,1,1.37228938847352,1.37228938847352,0,EF,S,U,3,Premise,0,3
Participant_23,1,1.08516623647176,1.08516623647176,0,AB,F,D,3,Premise,0,3
Participant_23,1,1.82305219296666,1.82305219296666,0,BC,F,D,3,Premise,0,3
Participant_23,1,2.49426369994831,2.49426369994831,0,CD,F,D,3,Premise,0,3
Participant_23,1,3.11481015841105,3.11481015841105,0,DE,F,D,3,Premise,0,3
Participant_23,1,1.54110087082347,1.54110087082347,0,EF,F,D,3,Premise,0,3
Participant_23,1,1.91517167591201,1.91517167591201,0,AB,O,C,3,Premise,0,3
Participant_23,1,1.31017303577187,1.31017303577187,0,BC,O,C,3,Premise,0,3
Participant_23,1,1.08099608462942,1.08099608462942,0,CD,O,C,3,Premise,0,3
Participant_23,1,2.22848111334054,2.22848111334054,0,DE,O,C,3,Premise,0,3
Participant_23,1,2.7073304151935,2.7073304151935,0,EF,O,C,3,Premise,0,3
Participant_23,1,2.54708348514168,2.54708348514168,0,AB,S,U,3,Premise,0,4
Participant_23,1,1.63148948289381,1.63148948289381,0,BC,S,U,3,Premise,0,4
Participant_23,1,1.16905369137839,1.16905369137839,0,CD,S,U,3,Premise,0,4
Participant_23,1,3.97033042032513,3.97033042032513,0,DE,S,U,3,Premise,0,4
Participant_23,1,0.99696392009173,0.99696392009173,0,EF,S,U,3,Premise,0,4
Participant_23,1,1.12838694944935,1.12838694944935,0,AB,F,D,3,Premise,0,4
Participant_23,1,1.36401194624204,1.36401194624204,0,BC,F,D,3,Premise,0,4
Participant_23,1,1.59466190801186,1.59466190801186,0,CD,F,D,3,Premise,0,4
Participant_23,1,2.76615641982221,2.76615641982221,0,DE,F,D,3,Premise,0,4
Participant_23,1,1.11766612101223,1.11766612101223,0,EF,F,D,3,Premise,0,4
Participant_23,1,1.1150331241372,1.1150331241372,0,AB,O,C,3,Premise,0,4
Participant_23,1,0.888481215971524,0.888481215971524,0,BC,O,C,3,Premise,0,4
Participant_23,1,1.31135739686874,1.31135739686874,0,CD,O,C,3,Premise,0,4
Participant_23,1,3.27853730378251,3.27853730378251,0,DE,O,C,3,Premise,0,4
Participant_23,1,0.722955206724237,0.722955206724237,0,EF,O,C,3,Premise,0,4
Participant_26,1,1.87569083453855,1.87569083453855,0,AB,F,U,3,Premise,0,1
Participant_26,0.5,0.935214986166102,0.815587074655923,1.05484289767628,BC,F,U,3,Premise,0,1
Participant_26,1,1.30588100968453,1.30588100968453,0,CD,F,U,3,Premise,0,1
Participant_26,1,1.87549352655333,1.87549352655333,0,DE,F,U,3,Premise,0,1
Participant_26,0,5.9617674074907,0,5.9617674074907,EF,F,U,3,Premise,0,1
Participant_26,1,2.13563808223989,2.13563808223989,0,AB,S,D,3,Premise,0,1
Participant_26,0.5,1.58799962026387,1.71555012751196,1.46044911301578,BC,S,D,3,Premise,0,1
Participant_26,0.5,2.88298276312707,1.15038717523566,4.61557835101848,CD,S,D,3,Premise,0,1
Participant_26,0,2.63109409718163,0,2.63109409718163,DE,S,D,3,Premise,0,1
Participant_26,1,4.60396206760925,4.60396206760925,0,EF,S,D,3,Premise,0,1
Participant_26,1,1.30589973983297,1.30589973983297,0,AB,O,C,3,Premise,0,1
Participant_26,1,1.2457687827482,1.2457687827482,0,BC,O,C,3,Premise,0,1
Participant_26,0,1.39547166616103,0,1.39547166616103,CD,O,C,3,Premise,0,1
Participant_26,0,1.9675693913523,0,1.9675693913523,DE,O,C,3,Premise,0,1
Participant_26,1,1.31328275338456,1.31328275338456,0,EF,O,C,3,Premise,0,1
Participant_26,1,1.05174729182909,1.05174729182909,0,AB,F,U,3,Premise,0,2
Participant_26,0,1.09679278299154,0,1.09679278299154,BC,F,U,3,Premise,0,2
Participant_26,0.5,0.934513503663766,1.12581989295722,0.743207114370307,CD,F,U,3,Premise,0,2
Participant_26,0.5,1.3011828216404,1.15831028413959,1.4440553591412,DE,F,U,3,Premise,0,2
Participant_26,0.5,1.42610572013655,1.14470193407033,1.70750950620277,EF,F,U,3,Premise,0,2
Participant_26,0.5,2.53995833183581,3.68846325555933,1.39145340811228,AB,S,D,3,Premise,0,2
Participant_26,1,3.94499776777229,3.94499776777229,0,BC,S,D,3,Premise,0,2
Participant_26,0.5,1.64052639411238,1.71858287192299,1.56246991630178,CD,S,D,3,Premise,0,2
Participant_26,0,1.50256243810145,0,1.50256243810145,DE,S,D,3,Premise,0,2
Participant_26,1,2.39998717112758,2.39998717112758,0,EF,S,D,3,Premise,0,2
Participant_26,0,0.793396211891377,0,0.793396211891377,AB,O,C,3,Premise,0,2
Participant_26,0.5,0.93502537549648,0.818511543417117,1.05153920757584,BC,O,C,3,Premise,0,2
Participant_26,0.5,0.91998532377329,0.787954719227855,1.05201592831872,CD,O,C,3,Premise,0,2
Participant_26,0.5,1.19671632294194,1.33854613004951,1.05488651583437,DE,O,C,3,Premise,0,2
Participant_26,0.5,0.78918269847054,0.791459052808932,0.786906344132149,EF,O,C,3,Premise,0,2
Participant_26,0.5,0.996263207314769,1.24395734658174,0.7485690680478,AB,F,U,3,Premise,0,3
Participant_26,0.5,2.06552498293604,1.7405330651236,2.39051690074848,BC,F,U,3,Premise,0,3
Participant_26,0,1.16397474252153,0,1.16397474252153,CD,F,U,3,Premise,0,3
Participant_26,0,2.43185715824802,0,2.43185715824802,DE,F,U,3,Premise,0,3
Participant_26,0.5,0.970359156992345,0.912697500432841,1.02802081355185,EF,F,U,3,Premise,0,3
Participant_26,1,2.08939514453232,2.08939514453232,0,AB,S,D,3,Premise,0,3
Participant_26,0.5,1.07703760910954,1.14240915878327,1.01166605943581,BC,S,D,3,Premise,0,3
Participant_26,0,1.71672499525448,0,1.71672499525448,CD,S,D,3,Premise,0,3
Participant_26,0,2.21755887167092,0,2.21755887167092,DE,S,D,3,Premise,0,3
Participant_26,1,3.02837668635038,3.02837668635038,0,EF,S,D,3,Premise,0,3
Participant_26,0.5,1.91423516853683,1.38422254493344,2.44424779214023,AB,O,C,3,Premise,0,3
Participant_26,0.5,1.13180404673767,1.41537668122328,0.848231412252062,BC,O,C,3,Premise,0,3
Participant_26,0.5,0.850249906354293,0.781615205807611,0.918884606900974,CD,O,C,3,Premise,0,3
Participant_26,1,1.07575420914509,1.07575420914509,0,DE,O,C,3,Premise,0,3
Participant_26,0.5,1.66786419873097,0.648942131534568,2.68678626592737,EF,O,C,3,Premise,0,3
Participant_26,0.5,1.85439260440762,2.71512113016797,0.993664078647271,AB,F,U,3,Premise,0,4
Participant_26,0.5,0.76305003771995,0.90733708620246,0.618762989237439,BC,F,U,3,Premise,0,4
Participant_26,0.5,3.88463640421833,6.6361137766653,1.13315903177136,CD,F,U,3,Premise,0,4
Participant_26,1,0.899738547668676,0.899738547668676,0,DE,F,U,3,Premise,0,4
Participant_26,0,1.84934187907493,0,1.84934187907493,EF,F,U,3,Premise,0,4
Participant_26,0.5,1.16522401769907,0.996728638652712,1.33371939674544,AB,S,D,3,Premise,0,4
Participant_26,0.5,0.751800916492357,0.83197415752511,0.671627675459604,BC,S,D,3,Premise,0,4
Participant_26,0,1.50751669036254,0,1.50751669036254,CD,S,D,3,Premise,0,4
Participant_26,0.5,1.80863716370368,1.57718975949683,2.04008456791053,DE,S,D,3,Premise,0,4
Participant_26,1,2.20657813036814,2.20657813036814,0,EF,S,D,3,Premise,0,4
Participant_26,1,0.832454470350058,0.832454470350058,0,AB,O,C,3,Premise,0,4
Participant_26,1,1.16406608407124,1.16406608407124,0,BC,O,C,3,Premise,0,4
Participant_26,1,0.7883457431235,0.7883457431235,0,CD,O,C,3,Premise,0,4
Participant_26,1,0.742932833178202,0.742932833178202,0,DE,O,C,3,Premise,0,4
Participant_26,0.5,0.749453746801009,0.707313994251308,0.791593499350711,EF,O,C,3,Premise,0,4
